Workbook

Sheet 事業者情報
B2: 事業者情報管理
B3: 事業者（請求者）名 | C3: 株式会社TRINITYPARTNERS
B4: 事業所名 | C4: Ｈａｒｅｒｕｂａｓｅ Ｋａｒｉｙａグループホーム奏
B5: 代表者職名 | C5: 代表取締役社長
B6: 代表者氏名 | C6: 澤田昌志
B7: 事業者電話番号 | C7: 0566-63-6817
B8: 事業者FAX番号 | C8: 0566-63-6818
C25: 10 | D25: 月分サービス費
E29: 46010
H31: =H30 -> 0
H32: 0

Sheet 受給者情報
B1: 共同生活援助 | F1: 短期入所
A2: 市町村 | B2: 受給者番号 | C2: 氏名 | E2: 市町村 | F2: 受給者番号 | G2: 氏名
A3: 安城市 | B3: 2000006458 | C3: 岡田英樹 | D3: 1 | E3: 刈谷市 | F3: 3000021745 | G3: 花井聡香
A4: 豊田市 | B4: 55268411 | C4: 植山 隆 | D4: 2 | E4: 安城市 | F4: 2000009122 | G4: 安田佳奈
A5: 東浦町 | B5: 3000005243 | C5: 成田清行 | D5: 3 | E5: 刈谷市 | F5: 3000013817 | G5: ローダジャスティン
A6: 刈谷市 | B6: 3000012793 | C6: 西濱泰斗 | D6: 4 | E6: 安城市 | F6: 491191 | G6: 荒川友彰
A7: 碧南市 | B7: 778563 | C7: 榊原隼翔 | D7: 5 | E7: 刈谷市 | F7: 3000005029 | G7: 須原俊樹
A8: 刈谷市 | B8: 3000011357 | C8: 朝原和樹 | D8: 6 | E8: 豊明市 | F8: 2294000812 | G8: 中島純子
A9: 東浦町 | B9: 6000008646 | C9: 西出崇 | D9: 7 | E9: 刈谷市 | F9: 3000015655 | G9: 小林萌楓
A10: 高浜市 | B10: 1180 | C10: 村瀬昭裕 | D10: 8 | E10: 東浦町 | F10: 3000006423 | G10: 中村安伸
A11: 名古屋市 | B11: 122663 | C11: 天野 正視 | D11: 9 | E11: 刈谷市 | F11: 3000000954 | G11: 飯久保智彦
A12: 知多市 | B12: 2419519208 | C12: 東原 尚輝 | D12: 10 | E12: 知立市 | F12: 1826 | G12: 渕上舞
A13: 安城市 | B13: 2000004818 | C13: 篠田 周平 | D13: 11 | E13: 知立市 | F13: 6536 | G13: 鈴木友瑠
A14: 碧南市 | B14: 9018171323 | C14: 斉藤 吟 | D14: 12 | E14: 刈谷市 | F14: 3000012348 | G14: 蟹江くるみ
... A24: 刈谷市 | B24: 3000021323 | C24: 葛原 千草 | D24: 22 | E24: 刈谷市 | F24: 3000007249 | G24: 吉田陽恵
A25: 刈谷市 | B25: 3000012348 | C25: 10 | D25: 23 | E25: 安城市 | F25: 3807311 | G25: 猿子遼
A26: 知多市 | B26: 2420469211 | C26: 二方 萌衣 | D26: 24 | E26: 刈谷市 | F26: 3000023410 | G26: 酒井花純
A27: 安城市 | B27: 1503457 | C27: 長谷部かす美 | D27: 25 | E27: 大府市 | F27: 2319115982 | G27: 公文彩友美
A28: 刈谷市 | B28: 3000008965 | C28: 中田有賀里 | D28: 26 | E28: 東浦町 | F28: 3000005896 | G28: 長坂宙
A29: 安城市 | B29: 2000008363 | C29: 加藤大輔 | D29: 27 | E29: 46010 | F29: 3000015572 | G29: 井野真由美
A30: 刈谷市 | B30: 3000021919 | C30: 岩間砂恵子 | D30: 28 | E30: 刈谷市 | F30: 3000006563 | G30: 新見瑛亮
D31: 29 | H31: =H30 -> 0
D32: 30 | H32: 0
D33: 31
D34: 32
D35: 33

Sheet 岡田
F6: 請求書ではありません
B7: 受給者番号 | D7: =受給者情報!B3 -> 2000006458
B8: 利用者氏名 | D8: =受給者情報!C3 -> 岡田英樹 | E8: 様
E12: 代理受領額通知書
G15: 事業者 | H15: 株式会社
H16: TRINITY PARTNERS
H17: HarerubaseKariya グループホーム奏
G18: 代表者 | H18: =事業者情報!C5&" "&事業者情報!C6 -> 代表取締役社長 澤田昌志
G19: 電話 | H19: =事業者情報!C7&"" -> 0566-63-6817
G20: FAX | H20: =事業者情報!C8&"" -> 0566-63-6818
B22: 下記のとおり、契約書に基づき障害福祉サービス等に要した費用を代理受領しましたので、お知らせします。
C25: 9 | D25: 月分サービス費 | E25: ￥ | F25: =H34 -> 314460 | G25: （AーB＋C）
D27: 支給元市区町村 | E27: 安城市
D28: サービス種別 | E28: 共同生活援助
D29: 受給日 | E29: 45981
D30: 総支給額（単位） | H30: 304460 | I30: 単位
D31: 総支給額（円） | E31: 総サービス費(A) | H31: =H30 -> 304460 | I31: 円
E32: 利用者負担額(B) | H32: 0 | I32: 円
E33: 特定障害者給付費(C) | H33: 10000 | I33: 円
G34: 合計 | H34: =SUM(H31-H32+H33) -> 314460 | I34: 円

Sheet 植山
F6: 請求書ではありません
B7: 受給者番号 | D7: =受給者情報!B4 -> 55268411
B8: 利用者氏名 | D8: =受給者情報!C4 -> 植山 隆 | E8: 様
E12: 代理受領額通知書
G15: 事業者 | H15: 株式会社
H16: TRINITY PARTNERS
H17: HarerubaseKariya グループホーム奏
G18: 代表者 | H18: =事業者情報!C5&" "&事業者情報!C6 -> 代表取締役社長 澤田昌志
G19: 電話 | H19: =事業者情報!C7&"" -> 0566-63-6817
G20: FAX | H20: =事業者情報!C8&"" -> 0566-63-6818
B22: 下記のとおり、契約書に基づき障害福祉サービス等に要した費用を代理受領しましたので、お知らせします。
C25: 10 | D25: 月分サービス費 | E25: ￥ | F25: =H34 -> 0 | G25: （AーB＋C）
D27: 支給元市区町村 | E27: 豊田市
D28: サービス種別 | E28: 共同生活援助
D29: 受給日 | E29: 46010
D30: 総支給額（単位） | I30: 単位
D31: 総支給額（円） | E31: 総サービス費(A) | H31: =H30 -> 0 | I31: 円
E32: 利用者負担額(B) | H32: 0 | I32: 円
E33: 特定障害者給付費(C) | I33: 円
G34: 合計 | H34: =SUM(H31-H32+H33) -> 0 | I34: 円

Sheet 成田
F6: 請求書ではありません
B7: 受給者番号 | D7: =受給者情報!B5 -> 3000005243
B8: 利用者氏名 | D8: =受給者情報!C5 -> 成田清行 | E8: 様
E12: 代理受領額通知書
G15: 事業者 | H15: 株式会社
H16: TRINITY PARTNERS
D17: 請求書ではありません | H17: HarerubaseKariya グループホーム奏
G18: 代表者 | H18: =事業者情報!C5&" "&事業者情報!C6 -> 代表取締役社長 澤田昌志
G19: 電話 | H19: =事業者情報!C7&"" -> 0566-63-6817
G20: FAX | H20: =事業者情報!C8&"" -> 0566-63-6818
B22: 下記のとおり、契約書に基づき障害福祉サービス等に要した費用を代理受領しましたので、お知らせします。
C25: 10 | D25: 月分サービス費 | E25: ￥ | F25: =H34 -> 10000 | G25: （AーB＋C）
D27: 支給元市区町村 | E27: 東浦町
D28: サービス種別 | E28: 共同生活援助
D29: 受給日 | E29: 46010
D30: 総支給額（単位） | I30: 単位
D31: 総支給額（円） | E31: 総サービス費(A) | H31: =H30 -> 0 | I31: 円
E32: 利用者負担額(B) | H32: 0 | I32: 円
E33: 特定障害者給付費(C) | H33: 10000 | I33: 円
G34: 合計 | H34: =SUM(H31-H32+H33) -> 10000 | I34: 円

Sheet 西濱
F6: 請求書ではありません
B7: 受給者番号 | D7: =受給者情報!B6 -> 3000012793
B8: 利用者氏名 | D8: =受給者情報!C6 -> 西濱泰斗 | E8: 様
E12: 代理受領額通知書
G15: 事業者 | H15: 株式会社
H16: TRINITY PARTNERS
H17: HarerubaseKariya グループホーム奏
G18: 代表者 | H18: =事業者情報!C5&" "&事業者情報!C6 -> 代表取締役社長 澤田昌志
G19: 電話 | H19: =事業者情報!C7&"" -> 0566-63-6817
G20: FAX | H20: =事業者情報!C8&"" -> 0566-63-6818
B22: 下記のとおり、契約書に基づき障害福祉サービス等に要した費用を代理受領しましたので、お知らせします。
C25: 9 | D25: 月分サービス費 | E25: ￥ | F25: =H34 -> 631432 | G25: （AーB＋C）
D27: 支給元市区町村 | E27: 刈谷市
D28: サービス種別 | E28: 共同生活援助
D29: 受給日 | E29: 45981
D30: 総支給額（単位） | H30: 621432 | I30: 単位
D31: 総支給額（円） | E31: 総サービス費(A) | H31: =H30 -> 621432 | I31: 円
E32: 利用者負担額(B) | H32: 0 | I32: 円
E33: 特定障害者給付費(C) | H33: 10000 | I33: 円
G34: 合計 | H34: =SUM(H31-H32+H33) -> 631432 | I34: 円

Sheet 榊原
F6: 請求書ではありません
B7: 受給者番号 | D7: =受給者情報!B7 -> 778563
B8: 利用者氏名 | D8: =受給者情報!C7 -> 榊原隼翔 | E8: 様
E12: 代理受領額通知書
G15: 事業者 | H15: 株式会社
H16: TRINITY PARTNERS
H17: HarerubaseKariya グループホーム奏
G18: 代表者 | H18: =事業者情報!C5&" "&事業者情報!C6 -> 代表取締役社長 澤田昌志
G19: 電話 | H19: =事業者情報!C7&"" -> 0566-63-6817
G20: FAX | H20: =事業者情報!C8&"" -> 0566-63-6818
B22: 下記のとおり、契約書に基づき障害福祉サービス等に要した費用を代理受領しましたので、お知らせします。
C25: 9 | D25: 月分サービス費 | E25: ￥ | F25: =H34 -> 202315 | G25: （AーB＋C）
D27: 支給元市区町村 | E27: 碧南市
D28: サービス種別 | E28: 共同生活援助
D29: 受給日 | E29: 45981
D30: 総支給額（単位） | H30: 192315 | I30: 単位
D31: 総支給額（円） | E31: 総サービス費(A) | H31: =H30 -> 192315 | I31: 円
E32: 利用者負担額(B) | H32: 0 | I32: 円
E33: 特定障害者給付費(C) | H33: 10000 | I33: 円
G34: 合計 | H34: =SUM(H31-H32+H33) -> 202315 | I34: 円

Sheet 朝原
F6: 請求書ではありません
B7: 受給者番号 | D7: =受給者情報!B8 -> 3000011357
B8: 利用者氏名 | D8: =受給者情報!C8 -> 朝原和樹 | E8: 様
E12: 代理受領額通知書
G15: 事業者 | H15: 株式会社
H16: TRINITY PARTNERS
H17: HarerubaseKariya グループホーム奏
G18: 代表者 | H18: =事業者情報!C5&" "&事業者情報!C6 -> 代表取締役社長 澤田昌志
G19: 電話 | H19: =事業者情報!C7&"" -> 0566-63-6817
G20: FAX | H20: =事業者情報!C8&"" -> 0566-63-6818
B22: 下記のとおり、契約書に基づき障害福祉サービス等に要した費用を代理受領しましたので、お知らせします。
C25: 10 | D25: 月分サービス費 | E25: ￥ | F25: =H34 -> 10000 | G25: （AーB＋C）
D27: 支給元市区町村 | E27: 刈谷市
D28: サービス種別 | E28: 共同生活援助
D29: 受給日 | E29: 46010
D30: 総支給額（単位） | I30: 単位
D31: 総支給額（円） | E31: 総サービス費(A) | H31: =H30 -> 0 | I31: 円
E32: 利用者負担額(B) | H32: 0 | I32: 円
E33: 特定障害者給付費(C) | H33: 10000 | I33: 円
G34: 合計 | H34: =SUM(H31-H32+H33) -> 10000 | I34: 円

Sheet 西出
F6: 請求書ではありません
B7: 受給者番号 | D7: =受給者情報!B9 -> 6000008646
B8: 利用者氏名 | D8: =受給者情報!C9 -> 西出崇 | E8: 様
E12: 代理受領額通知書
G15: 事業者 | H15: 株式会社
H16: TRINITY PARTNERS
H17: HarerubaseKariya グループホーム奏
G18: 代表者 | H18: =事業者情報!C5&" "&事業者情報!C6 -> 代表取締役社長 澤田昌志
G19: 電話 | H19: =事業者情報!C7&"" -> 0566-63-6817
G20: FAX | H20: =事業者情報!C8&"" -> 0566-63-6818
B22: 下記のとおり、契約書に基づき障害福祉サービス等に要した費用を代理受領しましたので、お知らせします。
C25: 10 | D25: 月分サービス費 | E25: ￥ | F25: =H34 -> 10000 | G25: （AーB＋C）
D27: 支給元市区町村 | E27: 東浦町
D28: サービス種別 | E28: 共同生活援助
D29: 受給日 | E29: 46010
D30: 総支給額（単位） | I30: 単位
D31: 総支給額（円） | E31: 総サービス費(A) | H31: =H30 -> 0 | I31: 円
E32: 利用者負担額(B) | H32: 0 | I32: 円
E33: 特定障害者給付費(C) | H33: 10000 | I33: 円
G34: 合計 | H34: =SUM(H31-H32+H33) -> 10000 | I34: 円

Sheet 村瀬
F6: 請求書ではありません
B7: 受給者番号 | D7: =受給者情報!B10 -> 1180
B8: 利用者氏名 | D8: =受給者情報!C10 -> 村瀬昭裕 | E8: 様
E12: 代理受領額通知書
G15: 事業者 | H15: 株式会社
H16: TRINITY PARTNERS
H17: HarerubaseKariya グループホーム奏
G18: 代表者 | H18: =事業者情報!C5&" "&事業者情報!C6 -> 代表取締役社長 澤田昌志
G19: 電話 | H19: =事業者情報!C7&"" -> 0566-63-6817
G20: FAX | H20: =事業者情報!C8&"" -> 0566-63-6818
B22: 下記のとおり、契約書に基づき障害福祉サービス等に要した費用を代理受領しましたので、お知らせします。
C25: 9 | D25: 月分サービス費 | E25: ￥ | F25: =H34 -> 439710 | G25: （AーB＋C）
D27: 支給元市区町村 | E27: 高浜市
D28: サービス種別 | E28: 共同生活援助
D29: 受給日 | E29: 45981
D30: 総支給額（単位） | H30: 429710 | I30: 単位
D31: 総支給額（円） | E31: 総サービス費(A) | H31: =H30 -> 429710 | I31: 円
E32: 利用者負担額(B) | H32: 0 | I32: 円
E33: 特定障害者給付費(C) | H33: 10000 | I33: 円
G34: 合計 | H34: =SUM(H31-H32+H33) -> 439710 | I34: 円

Sheet 天野
F6: 請求書ではありません
B7: 受給者番号 | D7: 122663
B8: 利用者氏名 | D8: =受給者情報!C11 -> 天野 正視 | E8: 様
E12: 代理受領額通知書
G15: 事業者 | H15: 株式会社
H16: TRINITY PARTNERS
H17: HarerubaseKariya グループホーム奏
G18: 代表者 | H18: =事業者情報!C5&" "&事業者情報!C6 -> 代表取締役社長 澤田昌志
G19: 電話 | H19: =事業者情報!C7&"" -> 0566-63-6817
G20: FAX | H20: =事業者情報!C8&"" -> 0566-63-6818
B22: 下記のとおり、契約書に基づき障害福祉サービス等に要した費用を代理受領しましたので、お知らせします。
C25: 9 | D25: 月分サービス費 | E25: ￥ | F25: =H34 -> 448580 | G25: （AーB＋C）
D27: 支給元市区町村 | E27: 名古屋市
D28: サービス種別 | E28: 共同生活援助
D29: 受給日 | E29: 45981
D30: 総支給額（単位） | H30: 438580 | I30: 単位
D31: 総支給額（円） | E31: 総サービス費(A) | H31: =H30 -> 438580 | I31: 円
E32: 利用者負担額(B) | H32: 0 | I32: 円
E33: 特定障害者給付費(C) | H33: 10000 | I33: 円
G34: 合計 | H34: =SUM(H31-H32+H33) -> 448580 | I34: 円

Sheet 東原
F6: 請求書ではありません
B7: 受給者番号 | D7: 2419519208
B8: 利用者氏名 | D8: =受給者情報!C12 -> 東原 尚輝 | E8: 様
E12: 代理受領額通知書
G15: 事業者 | H15: 株式会社
H16: TRINITY PARTNERS
H17: HarerubaseKariya グループホーム奏
G18: 代表者 | H18: =事業者情報!C5&" "&事業者情報!C6 -> 代表取締役社長 澤田昌志
G19: 電話 | H19: =事業者情報!C7&"" -> 0566-63-6817
G20: FAX | H20: =事業者情報!C8&"" -> 0566-63-6818
B22: 下記のとおり、契約書に基づき障害福祉サービス等に要した費用を代理受領しましたので、お知らせします。
C25: 9 | D25: 月分サービス費 | E25: ￥ | F25: =H34 -> 442432 | G25: （AーB＋C）
D27: 支給元市区町村 | E27: 知多市
D28: サービス種別 | E28: 共同生活援助
D29: 受給日 | E29: 45981
D30: 総支給額（単位） | H30: 432432 | I30: 単位
D31: 総支給額（円） | E31: 総サービス費(A) | H31: =H30 -> 432432 | I31: 円
E32: 利用者負担額(B) | H32: 0 | I32: 円
E33: 特定障害者給付費(C) | H33: 10000 | I33: 円
G34: 合計 | H34: =SUM(H31-H32+H33) -> 442432 | I34: 円

Sheet 篠田
F6: 請求書ではありません
B7: 受給者番号 | D7: 2000004818
B8: 利用者氏名 | D8: =受給者情報!C13 -> 篠田 周平 | E8: 様
E12: 代理受領額通知書
G15: 事業者 | H15: 株式会社
H16: TRINITY PARTNERS
H17: HarerubaseKariya グループホーム奏
G18: 代表者 | H18: =事業者情報!C5&" "&事業者情報!C6 -> 代表取締役社長 澤田昌志
G19: 電話 | H19: =事業者情報!C7&"" -> 0566-63-6817
G20: FAX | H20: =事業者情報!C8&"" -> 0566-63-6818
B22: 下記のとおり、契約書に基づき障害福祉サービス等に要した費用を代理受領しましたので、お知らせします。
C25: 9 | D25: 月分サービス費 | E25: ￥ | F25: =H34 -> 264072 | G25: （AーB＋C）
D27: 支給元市区町村 | E27: 安城市
D28: サービス種別 | E28: 共同生活援助
D29: 受給日 | E29: 45981
D30: 総支給額（単位） | H30: 254072 | I30: 単位
D31: 総支給額（円） | E31: 総サービス費(A) | H31: =H30 -> 254072 | I31: 円
E32: 利用者負担額(B) | H32: 0 | I32: 円
E33: 特定障害者給付費(C) | H33: 10000 | I33: 円
G34: 合計 | H34: =SUM(H31-H32+H33) -> 264072 | I34: 円

Sheet 斉藤
F6: 請求書ではありません
B7: 受給者番号 | D7: 9018171323
B8: 利用者氏名 | D8: =受給者情報!C14 -> 斉藤 吟 | E8: 様
E12: 代理受領額通知書
G15: 事業者 | H15: 株式会社
H16: TRINITY PARTNERS
H17: HarerubaseKariya グループホーム奏
G18: 代表者 | H18: =事業者情報!C5&" "&事業者情報!C6 -> 代表取締役社長 澤田昌志
G19: 電話 | H19: =事業者情報!C7&"" -> 0566-63-6817
G20: FAX | H20: =事業者情報!C8&"" -> 0566-63-6818
B22: 下記のとおり、契約書に基づき障害福祉サービス等に要した費用を代理受領しましたので、お知らせします。
C25: 9 | D25: 月分サービス費 | E25: ￥ | F25: =H34 -> 298377 | G25: （AーB＋C）
D27: 支給元市区町村 | E27: 碧南市
D28: サービス種別 | E28: 共同生活援助
D29: 受給日 | E29: 45981
D30: 総支給額（単位） | H30: 288377 | I30: 単位
D31: 総支給額（円） | E31: 総サービス費(A) | H31: =H30 -> 288377 | I31: 円
E32: 利用者負担額(B) | H32: 0 | I32: 円
E33: 特定障害者給付費(C) | H33: 10000 | I33: 円
G34: 合計 | H34: =SUM(H31-H32+H33) -> 298377 | I34: 円

Sheet 磯村
F6: 請求書ではありません
B7: 受給者番号 | D7: 3000000962
B8: 利用者氏名 | D8: =受給者情報!C15 -> 磯村 英男 | E8: 様
E12: 代理受領額通知書
G15: 事業者 | H15: 株式会社
H16: TRINITY PARTNERS
H17: HarerubaseKariya グループホーム奏
G18: 代表者 | H18: =事業者情報!C5&" "&事業者情報!C6 -> 代表取締役社長 澤田昌志
G19: 電話 | H19: =事業者情報!C7&"" -> 0566-63-6817
G20: FAX | H20: =事業者情報!C8&"" -> 0566-63-6818
B22: 下記のとおり、契約書に基づき障害福祉サービス等に要した費用を代理受領しましたので、お知らせします。
C25: 10 | D25: 月分サービス費 | E25: ￥ | F25: =H34 -> 10000 | G25: （AーB＋C）
D27: 支給元市区町村 | E27: 刈谷市
D28: サービス種別 | E28: 共同生活援助
D29: 受給日 | E29: 46010
D30: 総支給額（単位） | I30: 単位
D31: 総支給額（円） | E31: 総サービス費(A) | H31: =H30 -> 0 | I31: 円
E32: 利用者負担額(B) | H32: 0 | I32: 円
E33: 特定障害者給付費(C) | H33: 10000 | I33: 円
G34: 合計 | H34: =SUM(H31-H32+H33) -> 10000 | I34: 円

Sheet 古池
F6: 請求書ではありません
B7: 受給者番号 | D7: 3000019590
B8: 利用者氏名 | D8: =受給者情報!C16 -> 古池 陸 | E8: 様
E12: 代理受領額通知書
G15: 事業者 | H15: 株式会社
H16: TRINITY PARTNERS
H17: HarerubaseKariya グループホーム奏
G18: 代表者 | H18: =事業者情報!C5&" "&事業者情報!C6 -> 代表取締役社長 澤田昌志
G19: 電話 | H19: =事業者情報!C7&"" -> 0566-63-6817
G20: FAX | H20: =事業者情報!C8&"" -> 0566-63-6818
B22: 下記のとおり、契約書に基づき障害福祉サービス等に要した費用を代理受領しましたので、お知らせします。
C25: 9 | D25: 月分サービス費 | E25: ￥ | F25: =H34 -> 369486 | G25: （AーB＋C）
D27: 支給元市区町村 | E27: 刈谷市
D28: サービス種別 | E28: 共同生活援助
D29: 受給日 | E29: 45981
D30: 総支給額（単位） | H30: 359486 | I30: 単位
D31: 総支給額（円） | E31: 総サービス費(A) | H31: =H30 -> 359486 | I31: 円
E32: 利用者負担額(B) | H32: 0 | I32: 円
E33: 特定障害者給付費(C) | H33: 10000 | I33: 円
G34: 合計 | H34: =SUM(H31-H32+H33) -> 369486 | I34: 円

Sheet 芦澤
F6: 請求書ではありません
B7: 受給者番号 | D7: 2000009338
B8: 利用者氏名 | D8: =受給者情報!C17 -> 芦澤 凛 | E8: 様
E12: 代理受領額通知書
G15: 事業者 | H15: 株式会社
H16: TRINITY PARTNERS
H17: HarerubaseKariya グループホーム奏
G18: 代表者 | H18: =事業者情報!C5&" "&事業者情報!C6 -> 代表取締役社長 澤田昌志
G19: 電話 | H19: =事業者情報!C7&"" -> 0566-63-6817
G20: FAX | H20: =事業者情報!C8&"" -> 0566-63-6818
B22: 下記のとおり、契約書に基づき障害福祉サービス等に要した費用を代理受領しましたので、お知らせします。
C25: 9 | D25: 月分サービス費 | E25: ￥ | F25: =H34 -> 257038 | G25: （AーB＋C）
D27: 支給元市区町村 | E27: 安城市
D28: サービス種別 | E28: 共同生活援助
D29: 受給日 | E29: 45981
D30: 総支給額（単位） | H30: 247038 | I30: 単位
D31: 総支給額（円） | E31: 総サービス費(A) | H31: =H30 -> 247038 | I31: 円
E32: 利用者負担額(B) | H32: 0 | I32: 円
E33: 特定障害者給付費(C) | H33: 10000 | I33: 円
G34: 合計 | H34: =SUM(H31-H32+H33) -> 257038 | I34: 円

Sheet 西山
F6: 請求書ではありません
B7: 受給者番号 | D7: 2000009072
B8: 利用者氏名 | D8: =受給者情報!C18 -> 西山 希望 | E8: 様
E12: 代理受領額通知書
G15: 事業者 | H15: 株式会社
H16: TRINITY PARTNERS
H17: HarerubaseKariya グループホーム奏
G18: 代表者 | H18: =事業者情報!C5&" "&事業者情報!C6 -> 代表取締役社長 澤田昌志
G19: 電話 | H19: =事業者情報!C7&"" -> 0566-63-6817
G20: FAX | H20: =事業者情報!C8&"" -> 0566-63-6818
B22: 下記のとおり、契約書に基づき障害福祉サービス等に要した費用を代理受領しましたので、お知らせします。
C25: 10 | D25: 月分サービス費 | E25: ￥ | F25: =H34 -> 10000 | G25: （AーB＋C）
D27: 支給元市区町村 | E27: 安城市
D28: サービス種別 | E28: 共同生活援助
D29: 受給日 | E29: 46010
D30: 総支給額（単位） | I30: 単位
D31: 総支給額（円） | E31: 総サービス費(A) | H31: =H30 -> 0 | I31: 円
E32: 利用者負担額(B) | H32: 0 | I32: 円
E33: 特定障害者給付費(C) | H33: 10000 | I33: 円
G34: 合計 | H34: =SUM(H31-H32+H33) -> 10000 | I34: 円

Sheet 筒井
F6: 請求書ではありません
B7: 受給者番号 | D7: 6000001708
B8: 利用者氏名 | D8: =受給者情報!C19 -> 筒井 奈都美 | E8: 様
E12: 代理受領額通知書
G15: 事業者 | H15: 株式会社
H16: TRINITY PARTNERS
H17: HarerubaseKariya グループホーム奏
G18: 代表者 | H18: =事業者情報!C5&" "&事業者情報!C6 -> 代表取締役社長 澤田昌志
G19: 電話 | H19: =事業者情報!C7&"" -> 0566-63-6817
G20: FAX | H20: =事業者情報!C8&"" -> 0566-63-6818
B22: 下記のとおり、契約書に基づき障害福祉サービス等に要した費用を代理受領しましたので、お知らせします。
C25: 9 | D25: 月分サービス費 | E25: ￥ | F25: =H34 -> 494825 | G25: （AーB＋C）
D27: 支給元市区町村 | E27: 東海市
D28: サービス種別 | E28: 共同生活援助
D29: 受給日 | E29: 45981
D30: 総支給額（単位） | H30: 484825 | I30: 単位
D31: 総支給額（円） | E31: 総サービス費(A) | H31: =H30 -> 484825 | I31: 円
E32: 利用者負担額(B) | H32: 0 | I32: 円
E33: 特定障害者給付費(C) | H33: 10000 | I33: 円
G34: 合計 | H34: =SUM(H31-H32+H33) -> 494825 | I34: 円

Sheet 加藤
F6: 請求書ではありません
B7: 受給者番号 | D7: 3000010052
B8: 利用者氏名 | D8: =受給者情報!C20 -> 加藤 則子 | E8: 様
E12: 代理受領額通知書
G15: 事業者 | H15: 株式会社
H16: TRINITY PARTNERS
H17: HarerubaseKariya グループホーム奏
G18: 代表者 | H18: =事業者情報!C5&" "&事業者情報!C6 -> 代表取締役社長 澤田昌志
G19: 電話 | H19: =事業者情報!C7&"" -> 0566-63-6817
G20: FAX | H20: =事業者情報!C8&"" -> 0566-63-6818
B22: 下記のとおり、契約書に基づき障害福祉サービス等に要した費用を代理受領しましたので、お知らせします。
C25: 9 | D25: 月分サービス費 | E25: ￥ | F25: =H34 -> 317462 | G25: （AーB＋C）
D27: 支給元市区町村 | E27: 刈谷市
D28: サービス種別 | E28: 共同生活援助
D29: 受給日 | E29: 45981
D30: 総支給額（単位） | H30: 307462 | I30: 単位
D31: 総支給額（円） | E31: 総サービス費(A) | H31: =H30 -> 307462 | I31: 円
E32: 利用者負担額(B) | H32: 0 | I32: 円
E33: 特定障害者給付費(C) | H33: 10000 | I33: 円
G34: 合計 | H34: =SUM(H31-H32+H33) -> 317462 | I34: 円

Sheet 森口
F6: 請求書ではありません
B7: 受給者番号 | D7: 3000000236
B8: 利用者氏名 | D8: =受給者情報!C21 -> 森口 真紀子 | E8: 様
E12: 代理受領額通知書
G15: 事業者 | H15: 株式会社
H16: TRINITY PARTNERS
H17: HarerubaseKariya グループホーム奏
G18: 代表者 | H18: =事業者情報!C5&" "&事業者情報!C6 -> 代表取締役社長 澤田昌志
G19: 電話 | H19: =事業者情報!C7&"" -> 0566-63-6817
G20: FAX | H20: =事業者情報!C8&"" -> 0566-63-6818
B22: 下記のとおり、契約書に基づき障害福祉サービス等に要した費用を代理受領しましたので、お知らせします。
C25: 9 | D25: 月分サービス費 | E25: ￥ | F25: =H34 -> 289406 | G25: （AーB＋C）
D27: 支給元市区町村 | E27: 東浦町
D28: サービス種別 | E28: 共同生活援助
D29: 受給日 | E29: 2025/11./20
D30: 総支給額（単位） | H30: 279406 | I30: 単位
D31: 総支給額（円） | E31: 総サービス費(A) | H31: =H30 -> 279406 | I31: 円
E32: 利用者負担額(B) | H32: 0 | I32: 円
E33: 特定障害者給付費(C) | H33: 10000 | I33: 円
G34: 合計 | H34: =SUM(H31-H32+H33) -> 289406 | I34: 円

Sheet 長尾
F6: 請求書ではありません
B7: 受給者番号 | D7: 3000004972
B8: 利用者氏名 | D8: =受給者情報!C22 -> 長尾 夏江 | E8: 様
E12: 代理受領額通知書
G15: 事業者 | H15: 株式会社
H16: TRINITY PARTNERS
H17: HarerubaseKariya グループホーム奏
G18: 代表者 | H18: =事業者情報!C5&" "&事業者情報!C6 -> 代表取締役社長 澤田昌志
G19: 電話 | H19: =事業者情報!C7&"" -> 0566-63-6817
G20: FAX | H20: =事業者情報!C8&"" -> 0566-63-6818
B22: 下記のとおり、契約書に基づき障害福祉サービス等に要した費用を代理受領しましたので、お知らせします。
C25: 9 | D25: 月分サービス費 | E25: ￥ | F25: =H34 -> 363516 | G25: （AーB＋C）
D27: 支給元市区町村 | E27: 東浦町
D28: サービス種別 | E28: 共同生活援助
D29: 受給日 | E29: 45981
D30: 総支給額（単位） | H30: 353516 | I30: 単位
D31: 総支給額（円） | E31: 総サービス費(A) | H31: =H30 -> 353516 | I31: 円
E32: 利用者負担額(B) | H32: 0 | I32: 円
E33: 特定障害者給付費(C) | H33: 10000 | I33: 円
G34: 合計 | H34: =SUM(H31-H32+H33) -> 363516 | I34: 円

Sheet 福田
F6: 請求書ではありません
B7: 受給者番号 | D7: 3000019079
B8: 利用者氏名 | D8: =受給者情報!C23 -> 福田 奈央 | E8: 様
E12: 代理受領額通知書
G15: 事業者 | H15: 株式会社
H16: TRINITY PARTNERS
H17: HarerubaseKariya グループホーム奏
G18: 代表者 | H18: =事業者情報!C5&" "&事業者情報!C6 -> 代表取締役社長 澤田昌志
G19: 電話 | H19: =事業者情報!C7&"" -> 0566-63-6817
G20: FAX | H20: =事業者情報!C8&"" -> 0566-63-6818
B22: 下記のとおり、契約書に基づき障害福祉サービス等に要した費用を代理受領しましたので、お知らせします。
C25: 9 | D25: 月分サービス費 | E25: ￥ | F25: =H34 -> 115506 | G25: （AーB＋C）
D27: 支給元市区町村 | E27: 刈谷市
D28: サービス種別 | E28: 共同生活援助
D29: 受給日 | E29: 45981
D30: 総支給額（単位） | H30: 128340 | I30: 単位
D31: 総支給額（円） | E31: 総サービス費(A) | H31: =H30 -> 128340 | I31: 円
E32: 利用者負担額(B) | H32: 12834 | I32: 円
E33: 特定障害者給付費(C) | H33: 0 | I33: 円
G34: 合計 | H34: =SUM(H31-H32+H33) -> 115506 | I34: 円

Sheet 葛原
F6: 請求書ではありません
B7: 受給者番号 | D7: 3000021323
B8: 利用者氏名 | D8: =受給者情報!C24 -> 葛原 千草 | E8: 様
E12: 代理受領額通知書
G15: 事業者 | H15: 株式会社
H16: TRINITY PARTNERS
H17: HarerubaseKariya グループホーム奏
G18: 代表者 | H18: =事業者情報!C5&" "&事業者情報!C6 -> 代表取締役社長 澤田昌志
G19: 電話 | H19: =事業者情報!C7&"" -> 0566-63-6817
G20: FAX | H20: =事業者情報!C8&"" -> 0566-63-6818
B22: 下記のとおり、契約書に基づき障害福祉サービス等に要した費用を代理受領しましたので、お知らせします。
C25: 9 | D25: 月分サービス費 | E25: ￥ | F25: =H34 -> 276459 | G25: （AーB＋C）
D27: 支給元市区町村 | E27: 刈谷市
D28: サービス種別 | E28: 共同生活援助
D29: 受給日 | E29: 45981
D30: 総支給額（単位） | H30: 266459 | I30: 単位
D31: 総支給額（円） | E31: 総サービス費(A) | H31: =H30 -> 266459 | I31: 円
E32: 利用者負担額(B) | H32: 0 | I32: 円
E33: 特定障害者給付費(C) | H33: 10000 | I33: 円
G34: 合計 | H34: =SUM(H31-H32+H33) -> 276459 | I34: 円

Sheet 蟹江
F6: 請求書ではありません
B7: 受給者番号 | D7: 3000012348
B8: 利用者氏名 | D8: =受給者情報!C25 -> 10 | E8: 様
E12: 代理受領額通知書
G15: 事業者 | H15: 株式会社
H16: TRINITY PARTNERS
H17: HarerubaseKariya グループホーム奏
G18: 代表者 | H18: =事業者情報!C5&" "&事業者情報!C6 -> 代表取締役社長 澤田昌志
G19: 電話 | H19: =事業者情報!C7&"" -> 0566-63-6817
G20: FAX | H20: =事業者情報!C8&"" -> 0566-63-6818
B22: 下記のとおり、契約書に基づき障害福祉サービス等に要した費用を代理受領しましたので、お知らせします。
C25: 10 | D25: 月分サービス費 | E25: ￥ | F25: =H34 -> 10000 | G25: （AーB＋C）
D27: 支給元市区町村 | E27: 刈谷市
D28: サービス種別 | E28: 共同生活援助
D29: 受給日 | E29: 46010
D30: 総支給額（単位） | I30: 単位
D31: 総支給額（円） | E31: 総サービス費(A) | H31: =H30 -> 0 | I31: 円
E32: 利用者負担額(B) | H32: 0 | I32: 円
E33: 特定障害者給付費(C) | H33: 10000 | I33: 円
G34: 合計 | H34: =SUM(H31-H32+H33) -> 10000 | I34: 円

Sheet 二方
F6: 請求書ではありません
B7: 受給者番号 | D7: 2420469211
B8: 利用者氏名 | D8: =受給者情報!C26 -> 二方 萌衣 | E8: 様
E12: 代理受領額通知書
G15: 事業者 | H15: 株式会社
H16: TRINITY PARTNERS
H17: HarerubaseKariya グループホーム奏
G18: 代表者 | H18: =事業者情報!C5&" "&事業者情報!C6 -> 代表取締役社長 澤田昌志
G19: 電話 | H19: =事業者情報!C7&"" -> 0566-63-6817
G20: FAX | H20: =事業者情報!C8&"" -> 0566-63-6818
B22: 下記のとおり、契約書に基づき障害福祉サービス等に要した費用を代理受領しましたので、お知らせします。
C25: 9 | D25: 月分サービス費 | E25: ￥ | F25: =H34 -> 494825 | G25: （AーB＋C）
D27: 支給元市区町村 | E27: 知多市
D28: サービス種別 | E28: 共同生活援助
D29: 受給日 | E29: 45981
D30: 総支給額（単位） | H30: 484825 | I30: 単位
D31: 総支給額（円） | E31: 総サービス費(A) | H31: =H30 -> 484825 | I31: 円
E32: 利用者負担額(B) | H32: 0 | I32: 円
E33: 特定障害者給付費(C) | H33: 10000 | I33: 円
G34: 合計 | H34: =SUM(H31-H32+H33) -> 494825 | I34: 円

Sheet 長谷部
F6: 請求書ではありません
B7: 受給者番号 | D7: 1503457
B8: 利用者氏名 | D8: =受給者情報!C27 -> 長谷部かす美 | E8: 様
E12: 代理受領額通知書
G15: 事業者 | H15: 株式会社
H16: TRINITY PARTNERS
H17: HarerubaseKariya グループホーム奏
G18: 代表者 | H18: =事業者情報!C5&" "&事業者情報!C6 -> 代表取締役社長 澤田昌志
G19: 電話 | H19: =事業者情報!C7&"" -> 0566-63-6817
G20: FAX | H20: =事業者情報!C8&"" -> 0566-63-6818
B22: 下記のとおり、契約書に基づき障害福祉サービス等に要した費用を代理受領しましたので、お知らせします。
C25: 10 | D25: 月分サービス費 | E25: ￥ | F25: =H34 -> 10000 | G25: （AーB＋C）
D27: 支給元市区町村 | E27: 安城市
D28: サービス種別 | E28: 共同生活援助
D29: 受給日 | E29: 46010
D30: 総支給額（単位） | I30: 単位
D31: 総支給額（円） | E31: 総サービス費(A) | H31: =H30 -> 0 | I31: 円
E32: 利用者負担額(B) | H32: 0 | I32: 円
E33: 特定障害者給付費(C) | H33: 10000 | I33: 円
G34: 合計 | H34: =SUM(H31-H32+H33) -> 10000 | I34: 円

Sheet 中田
F6: 請求書ではありません
B7: 受給者番号 | D7: 3000008965
B8: 利用者氏名 | D8: =受給者情報!C28 -> 中田有賀里 | E8: 様
E12: 代理受領額通知書
G15: 事業者 | H15: 株式会社
H16: TRINITY PARTNERS
H17: HarerubaseKariya グループホーム奏
G18: 代表者 | H18: =事業者情報!C5&" "&事業者情報!C6 -> 代表取締役社長 澤田昌志
G19: 電話 | H19: =事業者情報!C7&"" -> 0566-63-6817
G20: FAX | H20: =事業者情報!C8&"" -> 0566-63-6818
B22: 下記のとおり、契約書に基づき障害福祉サービス等に要した費用を代理受領しましたので、お知らせします。
C25: 10 | D25: 月分サービス費 | E25: ￥ | F25: =H34 -> 10000 | G25: （AーB＋C）
D27: 支給元市区町村 | E27: 刈谷市
D28: サービス種別 | E28: 共同生活援助
D29: 受給日 | E29: 46010
D30: 総支給額（単位） | I30: 単位
D31: 総支給額（円） | E31: 総サービス費(A) | H31: =H30 -> 0 | I31: 円
E32: 利用者負担額(B) | H32: 0 | I32: 円
E33: 特定障害者給付費(C) | H33: 10000 | I33: 円
G34: 合計 | H34: =SUM(H31-H32+H33) -> 10000 | I34: 円

Sheet 加藤大輔
F6: 請求書ではありません
B7: 受給者番号 | D7: 2000008363
B8: 利用者氏名 | D8: =受給者情報!C29 -> 加藤大輔 | E8: 様
E12: 代理受領額通知書
G15: 事業者 | H15: 株式会社
H16: TRINITY PARTNERS
H17: HarerubaseKariya グループホーム奏
G18: 代表者 | H18: =事業者情報!C5&" "&事業者情報!C6 -> 代表取締役社長 澤田昌志
G19: 電話 | H19: =事業者情報!C7&"" -> 0566-63-6817
G20: FAX | H20: =事業者情報!C8&"" -> 0566-63-6818
B22: 下記のとおり、契約書に基づき障害福祉サービス等に要した費用を代理受領しましたので、お知らせします。
C25: 10 | D25: 月分サービス費 | E25: ￥ | F25: =H34 -> 10000 | G25: （AーB＋C）
D27: 支給元市区町村 | E27: 安城市
D28: サービス種別 | E28: 共同生活援助
D29: 受給日 | E29: 46010
D30: 総支給額（単位） | I30: 単位
D31: 総支給額（円） | E31: 総サービス費(A) | H31: =H30 -> 0 | I31: 円
E32: 利用者負担額(B) | H32: 0 | I32: 円
E33: 特定障害者給付費(C) | H33: 10000 | I33: 円
G34: 合計 | H34: =SUM(H31-H32+H33) -> 10000 | I34: 円

Sheet 花井
F6: 請求書ではありません
B7: 受給者番号 | D7: 3000021745
B8: 利用者氏名 | D8: =受給者情報!G3 -> 花井聡香 | E8: 様
E12: 代理受領額通知書
G15: 事業者 | H15: 株式会社
H16: TRINITY PARTNERS
H17: HarerubaseKariya グループホーム奏
G18: 代表者 | H18: =事業者情報!C5&" "&事業者情報!C6 -> 代表取締役社長 澤田昌志
G19: 電話 | H19: =事業者情報!C7&"" -> 0566-63-6817
G20: FAX | H20: =事業者情報!C8&"" -> 0566-63-6818
B22: 下記のとおり、契約書に基づき障害福祉サービス等に要した費用を代理受領しましたので、お知らせします。
C25: 10 | D25: 月分サービス費 | E25: ￥ | F25: =H34 -> 0 | G25: （AーB＋C）
D27: 支給元市区町村 | E27: 刈谷市
D28: サービス種別 | E28: 短期入所
D29: 受給日 | E29: 46010
D30: 総支給額（単位） | I30: 単位
D31: 総支給額（円） | E31: 総サービス費(A) | H31: =H30 -> 0 | I31: 円
E32: 利用者負担額(B) | H32: 0 | I32: 円
E33: 特定障害者給付費(C) | H33: 0 | I33: 円
G34: 合計 | H34: =SUM(H31-H32+H33) -> 0 | I34: 円

Sheet 安田
F6: 請求書ではありません
B7: 受給者番号 | D7: 2000009122
B8: 利用者氏名 | D8: =受給者情報!G4 -> 安田佳奈 | E8: 様
E12: 代理受領額通知書
G15: 事業者 | H15: 株式会社
H16: TRINITY PARTNERS
H17: HarerubaseKariya グループホーム奏
G18: 代表者 | H18: =事業者情報!C5&" "&事業者情報!C6 -> 代表取締役社長 澤田昌志
G19: 電話 | H19: =事業者情報!C7&"" -> 0566-63-6817
G20: FAX | H20: =事業者情報!C8&"" -> 0566-63-6818
B22: 下記のとおり、契約書に基づき障害福祉サービス等に要した費用を代理受領しましたので、お知らせします。
C25: 10 | D25: 月分サービス費 | E25: ￥ | F25: =H34 -> 0 | G25: （AーB＋C）
D27: 支給元市区町村 | E27: 安城市
D28: サービス種別 | E28: 短期入所
D29: 受給日 | E29: 46010
D30: 総支給額（単位） | I30: 単位
D31: 総支給額（円） | E31: 総サービス費(A) | H31: =H30 -> 0 | I31: 円
E32: 利用者負担額(B) | H32: 0 | I32: 円
E33: 特定障害者給付費(C) | I33: 円
G34: 合計 | H34: =SUM(H31-H32+H33) -> 0 | I34: 円

Sheet ローダジャス
F6: 請求書ではありません
B7: 受給者番号 | D7: 3000013817
B8: 利用者氏名 | D8: =受給者情報!G5 -> ローダジャスティン | E8: 様
E12: 代理受領額通知書
G15: 事業者 | H15: 株式会社
H16: TRINITY PARTNERS
H17: HarerubaseKariya グループホーム奏
G18: 代表者 | H18: =事業者情報!C5&" "&事業者情報!C6 -> 代表取締役社長 澤田昌志
G19: 電話 | H19: =事業者情報!C7&"" -> 0566-63-6817
G20: FAX | H20: =事業者情報!C8&"" -> 0566-63-6818
B22: 下記のとおり、契約書に基づき障害福祉サービス等に要した費用を代理受領しましたので、お知らせします。
C25: 10 | D25: 月分サービス費 | E25: ￥ | F25: =H34 -> 0 | G25: （AーB＋C）
D27: 支給元市区町村 | E27: 刈谷市
D28: サービス種別 | E28: 短期入所
D29: 受給日 | E29: 46010
D30: 総支給額（単位） | I30: 単位
D31: 総支給額（円） | E31: 総サービス費(A) | H31: =H30 -> 0 | I31: 円
E32: 利用者負担額(B) | H32: 0 | I32: 円
E33: 特定障害者給付費(C) | I33: 円
G34: 合計 | H34: =SUM(H31-H32+H33) -> 0 | I34: 円

Sheet 荒川
F6: 請求書ではありません
B7: 受給者番号 | D7: 491191
B8: 利用者氏名 | D8: =受給者情報!G6 -> 荒川友彰 | E8: 様
E12: 代理受領額通知書
G15: 事業者 | H15: 株式会社
H16: TRINITY PARTNERS
H17: HarerubaseKariya グループホーム奏
G18: 代表者 | H18: =事業者情報!C5&" "&事業者情報!C6 -> 代表取締役社長 澤田昌志
G19: 電話 | H19: =事業者情報!C7&"" -> 0566-63-6817
G20: FAX | H20: =事業者情報!C8&"" -> 0566-63-6818
B22: 下記のとおり、契約書に基づき障害福祉サービス等に要した費用を代理受領しましたので、お知らせします。
C25: 10 | D25: 月分サービス費 | E25: ￥ | F25: =H34 -> 0 | G25: （AーB＋C）
D27: 支給元市区町村 | E27: 安城市
D28: サービス種別 | E28: 短期入所
D29: 受給日 | E29: 46010
D30: 総支給額（単位） | I30: 単位
D31: 総支給額（円） | E31: 総サービス費(A) | H31: =H30 -> 0 | I31: 円
E32: 利用者負担額(B) | H32: 0 | I32: 円
E33: 特定障害者給付費(C) | H33: 0 | I33: 円
G34: 合計 | H34: =SUM(H31-H32+H33) -> 0 | I34: 円

Sheet 須原
F6: 請求書ではありません
B7: 受給者番号 | D7: 3000005029
B8: 利用者氏名 | D8: =受給者情報!G7 -> 須原俊樹 | E8: 様
E12: 代理受領額通知書
G15: 事業者 | H15: 株式会社
H16: TRINITY PARTNERS
H17: HarerubaseKariya グループホーム奏
G18: 代表者 | H18: =事業者情報!C5&" "&事業者情報!C6 -> 代表取締役社長 澤田昌志
G19: 電話 | H19: =事業者情報!C7&"" -> 0566-63-6817
G20: FAX | H20: =事業者情報!C8&"" -> 0566-63-6818
B22: 下記のとおり、契約書に基づき障害福祉サービス等に要した費用を代理受領しましたので、お知らせします。
C25: 10 | D25: 月分サービス費 | E25: ￥ | F25: =H34 -> 0 | G25: （AーB＋C）
D27: 支給元市区町村 | E27: 刈谷市
D28: サービス種別 | E28: 短期入所
D29: 受給日 | E29: 46010
D30: 総支給額（単位） | I30: 単位
D31: 総支給額（円） | E31: 総サービス費(A) | H31: =H30 -> 0 | I31: 円
E32: 利用者負担額(B) | H32: 0 | I32: 円
E33: 特定障害者給付費(C) | I33: 円
G34: 合計 | H34: =SUM(H31-H32+H33) -> 0 | I34: 円

Sheet 中島
F6: 請求書ではありません
B7: 受給者番号 | D7: 2294000812
B8: 利用者氏名 | D8: =受給者情報!G8 -> 中島純子 | E8: 様
E12: 代理受領額通知書
G15: 事業者 | H15: 株式会社
H16: TRINITY PARTNERS
H17: HarerubaseKariya グループホーム奏
G18: 代表者 | H18: =事業者情報!C5&" "&事業者情報!C6 -> 代表取締役社長 澤田昌志
G19: 電話 | H19: =事業者情報!C7&"" -> 0566-63-6817
G20: FAX | H20: =事業者情報!C8&"" -> 0566-63-6818
B22: 下記のとおり、契約書に基づき障害福祉サービス等に要した費用を代理受領しましたので、お知らせします。
C25: 9 | D25: 月分サービス費 | E25: ￥ | F25: =H34 -> 58369 | G25: （AーB＋C）
D27: 支給元市区町村 | E27: 豊明市
D28: サービス種別 | E28: 短期入所
D29: 受給日 | E29: 45981
D30: 総支給額（単位） | H30: 58369 | I30: 単位
D31: 総支給額（円） | E31: 総サービス費(A) | H31: =H30 -> 58369 | I31: 円
E32: 利用者負担額(B) | H32: 0 | I32: 円
E33: 特定障害者給付費(C) | I33: 円
G34: 合計 | H34: =SUM(H31-H32+H33) -> 58369 | I34: 円

Sheet 小林
F6: 請求書ではありません
B7: 受給者番号 | D7: 3000015655
B8: 利用者氏名 | D8: =受給者情報!G9 -> 小林萌楓 | E8: 様
E12: 代理受領額通知書
G15: 事業者 | H15: 株式会社
H16: TRINITY PARTNERS
H17: HarerubaseKariya グループホーム奏
G18: 代表者 | H18: =事業者情報!C5&" "&事業者情報!C6 -> 代表取締役社長 澤田昌志
G19: 電話 | H19: =事業者情報!C7&"" -> 0566-63-6817
G20: FAX | H20: =事業者情報!C8&"" -> 0566-63-6818
B22: 下記のとおり、契約書に基づき名古屋市より障害福祉サービス等に要した費用を代理受領しましたので、お知らせします。
C25: 10 | D25: 月分サービス費 | E25: ￥ | F25: =H34 -> 0 | G25: （AーB＋C）
D27: 支給元市区町村 | E27: 刈谷市
D28: サービス種別 | E28: 短期入所
D29: 受給日 | E29: 46010
D30: 総支給額（単位） | I30: 単位
D31: 総支給額（円） | E31: 総サービス費(A) | H31: =H30 -> 0 | I31: 円
E32: 利用者負担額(B) | H32: 0 | I32: 円
E33: 特定障害者給付費(C) | H33: 0 | I33: 円
G34: 合計 | H34: =SUM(H31-H32+H33) -> 0 | I34: 円

Sheet 中村
F6: 請求書ではありません
B7: 受給者番号 | D7: 3000006423
B8: 利用者氏名 | D8: =受給者情報!G10 -> 中村安伸 | E8: 様
E12: 代理受領額通知書
G15: 事業者 | H15: 株式会社
H16: TRINITY PARTNERS
H17: HarerubaseKariya グループホーム奏
G18: 代表者 | H18: =事業者情報!C5&" "&事業者情報!C6 -> 代表取締役社長 澤田昌志
G19: 電話 | H19: =事業者情報!C7&"" -> 0566-63-6817
G20: FAX | H20: =事業者情報!C8&"" -> 0566-63-6818
B22: 下記のとおり、契約書に基づき障害福祉サービス等に要した費用を代理受領しましたので、お知らせします。
C25: 10 | D25: 月分サービス費 | E25: ￥ | F25: =H34 -> 0 | G25: （AーB＋C）
D27: 支給元市区町村 | E27: 東浦町
D28: サービス種別 | E28: 短期入所
D29: 受給日 | E29: 46010
D30: 総支給額（単位） | I30: 単位
D31: 総支給額（円） | E31: 総サービス費(A) | H31: =H30 -> 0 | I31: 円
E32: 利用者負担額(B) | H32: 0 | I32: 円
E33: 特定障害者給付費(C) | I33: 円
G34: 合計 | H34: =SUM(H31-H32+H33) -> 0 | I34: 円

Sheet 飯久保
F6: 請求書ではありません
B7: 受給者番号 | D7: 3000000954
B8: 利用者氏名 | D8: =受給者情報!G11 -> 飯久保智彦 | E8: 様
E12: 代理受領額通知書
G15: 事業者 | H15: 株式会社
H16: TRINITY PARTNERS
H17: HarerubaseKariya グループホーム奏
G18: 代表者 | H18: =事業者情報!C5&" "&事業者情報!C6 -> 代表取締役社長 澤田昌志
G19: 電話 | H19: =事業者情報!C7&"" -> 0566-63-6817
G20: FAX | H20: =事業者情報!C8&"" -> 0566-63-6818
B22: 下記のとおり、契約書に基づき障害福祉サービス等に要した費用を代理受領しましたので、お知らせします。
C25: 10 | D25: 月分サービス費 | E25: ￥ | F25: =H34 -> 0 | G25: （AーB＋C）
D27: 支給元市区町村 | E27: 刈谷市
D28: サービス種別 | E28: 短期入所
D29: 受給日 | E29: 46010
D30: 総支給額（単位） | I30: 単位
D31: 総支給額（円） | E31: 総サービス費(A) | H31: =H30 -> 0 | I31: 円
E32: 利用者負担額(B) | H32: 0 | I32: 円
E33: 特定障害者給付費(C) | I33: 円
G34: 合計 | H34: =SUM(H31-H32+H33) -> 0 | I34: 円

Sheet 渕上
F6: 請求書ではありません
B7: 受給者番号 | D7: 1826
B8: 利用者氏名 | D8: =受給者情報!G12 -> 渕上舞 | E8: 様
E12: 代理受領額通知書
G15: 事業者 | H15: 株式会社
H16: TRINITY PARTNERS
H17: HarerubaseKariya グループホーム奏
G18: 代表者 | H18: =事業者情報!C5&" "&事業者情報!C6 -> 代表取締役社長 澤田昌志
G19: 電話 | H19: =事業者情報!C7&"" -> 0566-63-6817
G20: FAX | H20: =事業者情報!C8&"" -> 0566-63-6818
B22: 下記のとおり、契約書に基づき障害福祉サービス等に要した費用を代理受領しましたので、お知らせします。
C25: 10 | D25: 月分サービス費 | E25: ￥ | F25: =H34 -> 0 | G25: （AーB＋C）
D27: 支給元市区町村 | E27: 知立市
D28: サービス種別 | E28: 短期入所
D29: 受給日 | E29: 46010
D30: 総支給額（単位） | I30: 単位
D31: 総支給額（円） | E31: 総サービス費(A) | H31: =H30 -> 0 | I31: 円
E32: 利用者負担額(B) | H32: 0 | I32: 円
E33: 特定障害者給付費(C) | H33: 0 | I33: 円
G34: 合計 | H34: =SUM(H31-H32+H33) -> 0 | I34: 円

Sheet 鈴木友瑠
F6: 請求書ではありません
B7: 受給者番号 | D7: 6536
B8: 利用者氏名 | D8: =受給者情報!G13 -> 鈴木友瑠 | E8: 様
E12: 代理受領額通知書
G15: 事業者 | H15: 株式会社
H16: TRINITY PARTNERS
H17: HarerubaseKariya グループホーム奏
G18: 代表者 | H18: =事業者情報!C5&" "&事業者情報!C6 -> 代表取締役社長 澤田昌志
G19: 電話 | H19: =事業者情報!C7&"" -> 0566-63-6817
G20: FAX | H20: =事業者情報!C8&"" -> 0566-63-6818
B22: 下記のとおり、契約書に基づき障害福祉サービス等に要した費用を代理受領しましたので、お知らせします。
C25: 10 | D25: 月分サービス費 | E25: ￥ | F25: =H34 -> 0 | G25: （AーB＋C）
D27: 支給元市区町村 | E27: 知立市
D28: サービス種別 | E28: 短期入所
D29: 受給日 | E29: 46010
D30: 総支給額（単位） | I30: 単位
D31: 総支給額（円） | E31: 総サービス費(A) | H31: =H30 -> 0 | I31: 円
E32: 利用者負担額(B) | H32: 0 | I32: 円
E33: 特定障害者給付費(C) | H33: 0 | I33: 円
G34: 合計 | H34: =SUM(H31-H32+H33) -> 0 | I34: 円

Sheet 蟹江くるみ
F6: 請求書ではありません
B7: 受給者番号 | D7: 3000012348
B8: 利用者氏名 | D8: =受給者情報!G14 -> 蟹江くるみ | E8: 様
E12: 代理受領額通知書
G15: 事業者 | H15: 株式会社
H16: TRINITY PARTNERS
H17: HarerubaseKariya グループホーム奏
G18: 代表者 | H18: =事業者情報!C5&" "&事業者情報!C6 -> 代表取締役社長 澤田昌志
G19: 電話 | H19: =事業者情報!C7&"" -> 0566-63-6817
G20: FAX | H20: =事業者情報!C8&"" -> 0566-63-6818
B22: 下記のとおり、契約書に基づき障害福祉サービス等に要した費用を代理受領しましたので、お知らせします。
C25: 10 | D25: 月分サービス費 | E25: ￥ | F25: =H34 -> 0 | G25: （AーB＋C）
D27: 支給元市区町村 | E27: 刈谷市
D28: サービス種別 | E28: 短期入所
D29: 受給日 | E29: 46010
D30: 総支給額（単位） | I30: 単位
D31: 総支給額（円） | E31: 総サービス費(A) | H31: =H30 -> 0 | I31: 円
E32: 利用者負担額(B) | H32: 0 | I32: 円
E33: 特定障害者給付費(C) | I33: 円
G34: 合計 | H34: =SUM(H31-H32+H33) -> 0 | I34: 円

Sheet 三輪
F6: 請求書ではありません
B7: 受給者番号 | D7: 2319928210
B8: 利用者氏名 | D8: =受給者情報!G15 -> 三輪セーザル | E8: 様
E12: 代理受領額通知書
G15: 事業者 | H15: 株式会社
H16: TRINITY PARTNERS
H17: HarerubaseKariya グループホーム奏
G18: 代表者 | H18: =事業者情報!C5&" "&事業者情報!C6 -> 代表取締役社長 澤田昌志
G19: 電話 | H19: =事業者情報!C7&"" -> 0566-63-6817
G20: FAX | H20: =事業者情報!C8&"" -> 0566-63-6818
B22: 下記のとおり、契約書に基づき障害福祉サービス等に要した費用を代理受領しましたので、お知らせします。
C25: 10 | D25: 月分サービス費 | E25: ￥ | F25: =H34 -> 0 | G25: （AーB＋C）
D27: 支給元市区町村 | E27: 大府市
D28: サービス種別 | E28: 短期入所
D29: 受給日 | E29: 46010
D30: 総支給額（単位） | I30: 単位
D31: 総支給額（円） | E31: 総サービス費(A) | H31: =H30 -> 0 | I31: 円
E32: 利用者負担額(B) | H32: 0 | I32: 円
E33: 特定障害者給付費(C) | I33: 円
G34: 合計 | H34: =SUM(H31-H32+H33) -> 0 | I34: 円

Sheet 黒田
F6: 請求書ではありません
B7: 受給者番号 | D7: 2196
B8: 利用者氏名 | D8: =受給者情報!G16 -> 黒田瞳 | E8: 様
E12: 代理受領額通知書
G15: 事業者 | H15: 株式会社
H16: TRINITY PARTNERS
H17: HarerubaseKariya グループホーム奏
G18: 代表者 | H18: =事業者情報!C5&" "&事業者情報!C6 -> 代表取締役社長 澤田昌志
G19: 電話 | H19: =事業者情報!C7&"" -> 0566-63-6817
G20: FAX | H20: =事業者情報!C8&"" -> 0566-63-6818
B22: 下記のとおり、契約書に基づき障害福祉サービス等に要した費用を代理受領しましたので、お知らせします。
C25: 10 | D25: 月分サービス費 | E25: ￥ | F25: =H34 -> 0 | G25: （AーB＋C）
D27: 支給元市区町村 | E27: 知立市
D28: サービス種別 | E28: 短期入所
D29: 受給日 | E29: 46010
D30: 総支給額（単位） | I30: 単位
D31: 総支給額（円） | E31: 総サービス費(A) | H31: =H30 -> 0 | I31: 円
E32: 利用者負担額(B) | H32: 0 | I32: 円
E33: 特定障害者給付費(C) | H33: 0 | I33: 円
G34: 合計 | H34: =SUM(H31-H32+H33) -> 0 | I34: 円

Sheet 磯村英男
F6: 請求書ではありません
B7: 受給者番号 | D7: 3000000962
B8: 利用者氏名 | D8: =受給者情報!G17 -> 磯村英男 | E8: 様
E12: 代理受領額通知書
G15: 事業者 | H15: 株式会社
H16: TRINITY PARTNERS
H17: HarerubaseKariya グループホーム奏
G18: 代表者 | H18: =事業者情報!C5&" "&事業者情報!C6 -> 代表取締役社長 澤田昌志
G19: 電話 | H19: =事業者情報!C7&"" -> 0566-63-6817
G20: FAX | H20: =事業者情報!C8&"" -> 0566-63-6818
B22: 下記のとおり、契約書に基づき障害福祉サービス等に要した費用を代理受領しましたので、お知らせします。
C25: 10 | D25: 月分サービス費 | E25: ￥ | F25: =H34 -> 0 | G25: （AーB＋C）
D27: 支給元市区町村 | E27: 刈谷市
D28: サービス種別 | E28: 短期入所
D29: 受給日 | E29: 46010
D30: 総支給額（単位） | I30: 単位
D31: 総支給額（円） | E31: 総サービス費(A) | H31: =H30 -> 0 | I31: 円
E32: 利用者負担額(B) | H32: 0 | I32: 円
E33: 特定障害者給付費(C) | H33: 0 | I33: 円
G34: 合計 | H34: =SUM(H31-H32+H33) -> 0 | I34: 円

Sheet 端慶山
F6: 請求書ではありません
B7: 受給者番号 | D7: 1000006104
B8: 利用者氏名 | D8: =受給者情報!G18 -> 端慶山愛梨 | E8: 様
E12: 代理受領額通知書
G15: 事業者 | H15: 株式会社
H16: TRINITY PARTNERS
H17: HarerubaseKariya グループホーム奏
G18: 代表者 | H18: =事業者情報!C5&" "&事業者情報!C6 -> 代表取締役社長 澤田昌志
G19: 電話 | H19: =事業者情報!C7&"" -> 0566-63-6817
G20: FAX | H20: =事業者情報!C8&"" -> 0566-63-6818
B22: 下記のとおり、契約書に基づき障害福祉サービス等に要した費用を代理受領しましたので、お知らせします。
C25: 10 | D25: 月分サービス費 | E25: ￥ | F25: =H34 -> 0 | G25: （AーB＋C）
D27: 支給元市区町村 | E27: 高浜市
D28: サービス種別 | E28: 短期入所
D29: 受給日 | E29: 46010
D30: 総支給額（単位） | I30: 単位
D31: 総支給額（円） | E31: 総サービス費(A) | H31: =H30 -> 0 | I31: 円
E32: 利用者負担額(B) | H32: 0 | I32: 円
E33: 特定障害者給付費(C) | I33: 円
G34: 合計 | H34: =SUM(H31-H32+H33) -> 0 | I34: 円

Sheet 栗木
F6: 請求書ではありません
B7: 受給者番号 | D7: 3000016489
B8: 利用者氏名 | D8: =受給者情報!G19 -> 栗木健治 | E8: 様
E12: 代理受領額通知書
G15: 事業者 | H15: 株式会社
H16: TRINITY PARTNERS
H17: HarerubaseKariya グループホーム奏
G18: 代表者 | H18: =事業者情報!C5&" "&事業者情報!C6 -> 代表取締役社長 澤田昌志
G19: 電話 | H19: =事業者情報!C7&"" -> 0566-63-6817
G20: FAX | H20: =事業者情報!C8&"" -> 0566-63-6818
B22: 下記のとおり、契約書に基づき障害福祉サービス等に要した費用を代理受領しましたので、お知らせします。
C25: 10 | D25: 月分サービス費 | E25: ￥ | F25: =H34 -> 0 | G25: （AーB＋C）
D27: 支給元市区町村 | E27: 刈谷市
D28: サービス種別 | E28: 短期入所
D29: 受給日 | E29: 46010
D30: 総支給額（単位） | I30: 単位
D31: 総支給額（円） | E31: 総サービス費(A) | H31: =H30 -> 0 | I31: 円
E32: 利用者負担額(B) | H32: 0 | I32: 円
E33: 特定障害者給付費(C) | I33: 円
G34: 合計 | H34: =SUM(H31-H32+H33) -> 0 | I34: 円

Sheet 井野
F6: 請求書ではありません
B7: 受給者番号 | D7: 3000015572
B8: 利用者氏名 | D8: =受給者情報!G20 -> 井野真由美 | E8: 様
E12: 代理受領額通知書
G15: 事業者 | H15: 株式会社
H16: TRINITY PARTNERS
H17: HarerubaseKariya グループホーム奏
G18: 代表者 | H18: =事業者情報!C5&" "&事業者情報!C6 -> 代表取締役社長 澤田昌志
G19: 電話 | H19: =事業者情報!C7&"" -> 0566-63-6817
G20: FAX | H20: =事業者情報!C8&"" -> 0566-63-6818
B22: 下記のとおり、契約書に基づき障害福祉サービス等に要した費用を代理受領しましたので、お知らせします。
C25: 10 | D25: 月分サービス費 | E25: ￥ | F25: =H34 -> 0 | G25: （AーB＋C）
D27: 支給元市区町村 | E27: 刈谷市
D28: サービス種別 | E28: 短期入所
D29: 受給日 | E29: 46010
D30: 総支給額（単位） | I30: 単位
D31: 総支給額（円） | E31: 総サービス費(A) | H31: =H30 -> 0 | I31: 円
E32: 利用者負担額(B) | H32: 0 | I32: 円
E33: 特定障害者給付費(C) | I33: 円
G34: 合計 | H34: =SUM(H31-H32+H33) -> 0 | I34: 円

Sheet 佐野
F6: 請求書ではありません
B7: 受給者番号 | D7: 3000011571
B8: 利用者氏名 | D8: =受給者情報!G21 -> 佐野友彦 | E8: 様
E12: 代理受領額通知書
G15: 事業者 | H15: 株式会社
H16: TRINITY PARTNERS
H17: HarerubaseKariya グループホーム奏
G18: 代表者 | H18: =事業者情報!C5&" "&事業者情報!C6 -> 代表取締役社長 澤田昌志
G19: 電話 | H19: =事業者情報!C7&"" -> 0566-63-6817
G20: FAX | H20: =事業者情報!C8&"" -> 0566-63-6818
B22: 下記のとおり、契約書に基づき障害福祉サービス等に要した費用を代理受領しましたので、お知らせします。
C25: 10 | D25: 月分サービス費 | E25: ￥ | F25: =H34 -> 0 | G25: （AーB＋C）
D27: 支給元市区町村 | E27: 刈谷市
D28: サービス種別 | E28: 短期入所
D29: 受給日 | E29: 46010
D30: 総支給額（単位） | I30: 単位
D31: 総支給額（円） | E31: 総サービス費(A) | H31: =H30 -> 0 | I31: 円
E32: 利用者負担額(B) | H32: 0 | I32: 円
E33: 特定障害者給付費(C) | H33: 0 | I33: 円
G34: 合計 | H34: =SUM(H31-H32+H33) -> 0 | I34: 円

Sheet 阿南
F6: 請求書ではありません
B7: 受給者番号 | D7: 3000005722
B8: 利用者氏名 | D8: =受給者情報!G22 -> 阿南加奈恵 | E8: 様
E12: 代理受領額通知書
G15: 事業者 | H15: 株式会社
H16: TRINITY PARTNERS
H17: HarerubaseKariya グループホーム奏
G18: 代表者 | H18: =事業者情報!C5&" "&事業者情報!C6 -> 代表取締役社長 澤田昌志
G19: 電話 | H19: =事業者情報!C7&"" -> 0566-63-6817
G20: FAX | H20: =事業者情報!C8&"" -> 0566-63-6818
B22: 下記のとおり、契約書に基づき障害福祉サービス等に要した費用を代理受領しましたので、お知らせします。
C25: 10 | D25: 月分サービス費 | E25: ￥ | F25: =H34 -> 0 | G25: （AーB＋C）
D27: 支給元市区町村 | E27: 刈谷市
D28: サービス種別 | E28: 短期入所
D29: 受給日 | E29: 46010
D30: 総支給額（単位） | I30: 単位
D31: 総支給額（円） | E31: 総サービス費(A) | H31: =H30 -> 0 | I31: 円
E32: 利用者負担額(B) | H32: 0 | I32: 円
E33: 特定障害者給付費(C) | I33: 円
G34: 合計 | H34: =SUM(H31-H32+H33) -> 0 | I34: 円

Sheet 西山希望
F6: 請求書ではありません
B7: 受給者番号 | D7: 2000009072
B8: 利用者氏名 | D8: =受給者情報!G23 -> 西山希望 | E8: 様
E12: 代理受領額通知書
G15: 事業者 | H15: 株式会社
H16: TRINITY PARTNERS
H17: HarerubaseKariya グループホーム奏
G18: 代表者 | H18: =事業者情報!C5&" "&事業者情報!C6 -> 代表取締役社長 澤田昌志
G19: 電話 | H19: =事業者情報!C7&"" -> 0566-63-6817
G20: FAX | H20: =事業者情報!C8&"" -> 0566-63-6818
B22: 下記のとおり、契約書に基づき障害福祉サービス等に要した費用を代理受領しましたので、お知らせします。
C25: 10 | D25: 月分サービス費 | E25: ￥ | F25: =H34 -> 0 | G25: （AーB＋C）
D27: 支給元市区町村 | E27: 安城市
D28: サービス種別 | E28: 短期入所
D29: 受給日 | E29: 46010
D30: 総支給額（単位） | I30: 単位
D31: 総支給額（円） | E31: 総サービス費(A) | H31: =H30 -> 0 | I31: 円
E32: 利用者負担額(B) | H32: 0 | I32: 円
E33: 特定障害者給付費(C) | H33: 0 | I33: 円
G34: 合計 | H34: =SUM(H31-H32+H33) -> 0 | I34: 円

Sheet 吉田
F6: 請求書ではありません
B7: 受給者番号 | D7: 3000007249
B8: 利用者氏名 | D8: =受給者情報!G24 -> 吉田陽恵 | E8: 様
E12: 代理受領額通知書
G15: 事業者 | H15: 株式会社
H16: TRINITY PARTNERS
H17: HarerubaseKariya グループホーム奏
G18: 代表者 | H18: =事業者情報!C5&" "&事業者情報!C6 -> 代表取締役社長 澤田昌志
G19: 電話 | H19: =事業者情報!C7&"" -> 0566-63-6817
G20: FAX | H20: =事業者情報!C8&"" -> 0566-63-6818
B22: 下記のとおり、契約書に基づき障害福祉サービス等に要した費用を代理受領しましたので、お知らせします。
C25: 10 | D25: 月分サービス費 | E25: ￥ | F25: =H34 -> 0 | G25: （AーB＋C）
D27: 支給元市区町村 | E27: 刈谷市
D28: サービス種別 | E28: 短期入所
D29: 受給日 | E29: 46010
D30: 総支給額（単位） | I30: 単位
D31: 総支給額（円） | E31: 総サービス費(A) | H31: =H30 -> 0 | I31: 円
E32: 利用者負担額(B) | H32: 0 | I32: 円
E33: 特定障害者給付費(C) | H33: 0 | I33: 円
G34: 合計 | H34: =SUM(H31-H32+H33) -> 0 | I34: 円

Sheet 猿子
F6: 請求書ではありません
B7: 受給者番号 | D7: 3807311
B8: 利用者氏名 | D8: =受給者情報!G25 -> 猿子遼 | E8: 様
E12: 代理受領額通知書
G15: 事業者 | H15: 株式会社
H16: TRINITY PARTNERS
H17: HarerubaseKariya グループホーム奏
G18: 代表者 | H18: =事業者情報!C5&" "&事業者情報!C6 -> 代表取締役社長 澤田昌志
G19: 電話 | H19: =事業者情報!C7&"" -> 0566-63-6817
G20: FAX | H20: =事業者情報!C8&"" -> 0566-63-6818
B22: 下記のとおり、契約書に基づき障害福祉サービス等に要した費用を代理受領しましたので、お知らせします。
C25: 10 | D25: 月分サービス費 | E25: ￥ | F25: =H34 -> 0 | G25: （AーB＋C）
D27: 支給元市区町村 | E27: 安城市
D28: サービス種別 | E28: 短期入所
D29: 受給日 | E29: 46010
D30: 総支給額（単位） | I30: 単位
D31: 総支給額（円） | E31: 総サービス費(A) | H31: =H30 -> 0 | I31: 円
E32: 利用者負担額(B) | H32: 0 | I32: 円
E33: 特定障害者給付費(C) | H33: 0 | I33: 円
G34: 合計 | H34: =SUM(H31-H32+H33) -> 0 | I34: 円

Sheet 酒井
F6: 請求書ではありません
B7: 受給者番号 | D7: 3000023410
B8: 利用者氏名 | D8: =受給者情報!G26 -> 酒井花純 | E8: 様
E12: 代理受領額通知書
G15: 事業者 | H15: 株式会社
H16: TRINITY PARTNERS
H17: HarerubaseKariya グループホーム奏
G18: 代表者 | H18: =事業者情報!C5&" "&事業者情報!C6 -> 代表取締役社長 澤田昌志
G19: 電話 | H19: =事業者情報!C7&"" -> 0566-63-6817
G20: FAX | H20: =事業者情報!C8&"" -> 0566-63-6818
B22: 下記のとおり、契約書に基づき障害福祉サービス等に要した費用を代理受領しましたので、お知らせします。
C25: 10 | D25: 月分サービス費 | E25: ￥ | F25: =H34 -> 0 | G25: （AーB＋C）
D27: 支給元市区町村 | E27: 刈谷市
D28: サービス種別 | E28: 短期入所
D29: 受給日 | E29: 46010
D30: 総支給額（単位） | I30: 単位
D31: 総支給額（円） | E31: 総サービス費(A) | H31: =H30 -> 0 | I31: 円
E32: 利用者負担額(B) | H32: 0 | I32: 円
E33: 特定障害者給付費(C) | I33: 円
G34: 合計 | H34: =SUM(H31-H32+H33) -> 0 | I34: 円

Sheet 公文
F6: 請求書ではありません
B7: 受給者番号 | D7: 2319115982
B8: 利用者氏名 | D8: =受給者情報!G27 -> 公文彩友美 | E8: 様
E12: 代理受領額通知書
G15: 事業者 | H15: 株式会社
H16: TRINITY PARTNERS
H17: HarerubaseKariya グループホーム奏
G18: 代表者 | H18: =事業者情報!C5&" "&事業者情報!C6 -> 代表取締役社長 澤田昌志
G19: 電話 | H19: =事業者情報!C7&"" -> 0566-63-6817
G20: FAX | H20: =事業者情報!C8&"" -> 0566-63-6818
B22: 下記のとおり、契約書に基づき障害福祉サービス等に要した費用を代理受領しましたので、お知らせします。
C25: 10 | D25: 月分サービス費 | E25: ￥ | F25: =H34 -> 0 | G25: （AーB＋C）
D27: 支給元市区町村 | E27: 大府市
D28: サービス種別 | E28: 短期入所
D29: 受給日 | E29: 46010
D30: 総支給額（単位） | I30: 単位
D31: 総支給額（円） | E31: 総サービス費(A) | H31: =H30 -> 0 | I31: 円
E32: 利用者負担額(B) | H32: 0 | I32: 円
E33: 特定障害者給付費(C) | H33: 0 | I33: 円
G34: 合計 | H34: =SUM(H31-H32+H33) -> 0 | I34: 円

Sheet 長坂
F6: 請求書ではありません
B7: 受給者番号 | D7: 3000005896
B8: 利用者氏名 | D8: =受給者情報!G28 -> 長坂宙 | E8: 様
E12: 代理受領額通知書
G15: 事業者 | H15: 株式会社
H16: TRINITY PARTNERS
H17: HarerubaseKariya グループホーム奏
G18: 代表者 | H18: =事業者情報!C5&" "&事業者情報!C6 -> 代表取締役社長 澤田昌志
G19: 電話 | H19: =事業者情報!C7&"" -> 0566-63-6817
G20: FAX | H20: =事業者情報!C8&"" -> 0566-63-6818
B22: 下記のとおり、契約書に基づき障害福祉サービス等に要した費用を代理受領しましたので、お知らせします。
C25: 10 | D25: 月分サービス費 | E25: ￥ | F25: =H34 -> 0 | G25: （AーB＋C）
D27: 支給元市区町村 | E27: 東浦町
D28: サービス種別 | E28: 短期入所
D29: 受給日 | E29: 46010
D30: 総支給額（単位） | I30: 単位
D31: 総支給額（円） | E31: 総サービス費(A) | H31: =H30 -> 0 | I31: 円
E32: 利用者負担額(B) | H32: 0 | I32: 円
E33: 特定障害者給付費(C) | I33: 円
G34: 合計 | H34: =SUM(H31-H32+H33) -> 0 | I34: 円

Sheet 新見
N1: 氏名 | O1: 受給者番号 | P1: サービスの総費用額
G2: サービス提供月
G3: 発行日
B7: 受給者番号 | D7: 3000006563
B8: 利用者氏名 | D8: 新見瑛亮 | E8: 様
E12: 代理受領額通知書
G15: 事業者 | H15: 株式会社
H16: TRINITY PARTNERS
H17: HarerubaseKariya グループホーム奏
G18: 代表者 | H18: =事業者情報!C5&" "&事業者情報!C6 -> 代表取締役社長 澤田昌志
G19: 電話 | H19: =事業者情報!C7&"" -> 0566-63-6817
G20: FAX | H20: =事業者情報!C8&"" -> 0566-63-6818
B22: 下記のとおり、契約書に基づき障害福祉サービス等に要した費用を代理受領しましたので、お知らせします。
C25: 10 | D25: 月分サービス費 | E25: ￥ | F25: =H33 -> 0 | G25: （AーB＋C）
D27: 支給元市区町村 | E27: 刈谷市
D28: 受給日 | E28: 短期入所
D29: 総支給額（単位） | E29: 46010 | I29: 単位
D30: 総支給額（円） | E30: 総サービス費(A) | I30: 円
E31: 利用者負担額(B) | H31: =H30 -> 0 | I31: 円
E32: 特定障害者給付費(C) | H32: 0 | I32: 円
G33: 合計 | H33: =SUM(H30-H31+H32) -> 0 | I33: 円

Sheet サンプル
K1: 受給者番号 | L1: 123456
B2: 〒111-1111 | K2: 提供年月 | L2: 202305
B3: 尾張旭市A町 | K3: 発行日 | L3: 45078
D5: 名古屋 一郎 様
B6: 受給者番号 | D6: 123456
B7: 児童氏名 | D7: 様
E9: 代理受領額通知書
I10: 令和05年06月01日
G12: 事業者 | H12: 社会福祉法人 なごや介護会
G14: 事業所 | H14: 名古屋かいごサービスセントラルパーク営業所
G16: 代表者 | H16: 代表取締役 名古屋 太郎
G17: 電話 | H17: ０５２－１１１－１１１１
G18: FAX | H18: ０５２－２２２－２２２２
B20: 下記のとおり、契約書に基づき名古屋市より障害福祉サービス等に要した費用を代理受領しましたので、
B21: お知らせします。
D23: ￥ | E23: 125000 | G23: （①ー②＋③）
B25: 内訳 | C25: 10 | D25: 月分サービス費
D26: 共同生活援助 | I26: 100000
D27: 行動援護 | I27: 15000
D28: =VLOOKUP($L$1&$L$2,#REF!,6,FALSE)&"" -> #REF! | I28: =IFERROR(VALUE(VLOOKUP($L$1&$L$2,#REF!,7,FALSE)&""),"")
D29: =VLOOKUP($L$1&$L$2,#REF!,8,FALSE)&"" -> #REF! | E29: 46010 | I29: =IFERROR(VALUE(VLOOKUP($L$1&$L$2,#REF!,9,FALSE)&""),"")
H31: =H30 -> 0
H32: 0
E35: 令和5年5月 | F35: 算定額 | G35: 合計 | H35: ① | I35: 115000
C36: 利用者負担額 | I36: 利用者負担額計
D37: 利用者負担額 | I37: 0
D38: 就労継続支援（A型）減免額 | I38: 0
E39: 令和5年5月 | F39: 利用者負担額 | G39: 合計 | H39: ② | I39: 0
C40: 特定障害者特別給付費
F41: 算定額 | G41: 実費算定額 | I41: 特定障害者特別給付費
F42: 10000 | G42: 35000 | H42: ③ | I42: 10000

Sheet Sheet21
C25: 10 | D25: 月分サービス費
E29: 46010
H31: =H30 -> 0
H32: 0
