Workbook

Sheet ｱﾏﾉﾏｻｼ
H4: 発行日: 2026年02月24日
F6: 請求書ではありません
B7: 受給者番号 | D7: 0000122663
B8: 利用者氏名 | D8: ｱﾏﾉﾏｻｼ | E8: 様
E12: 代理受領額通知書
G15: 事業者 | H15: 株式会社 TRINITY PARTNERS
H16: HarerubaseKariya グループホーム奏
G17: 代表者 | H17: =事業者情報!C5&" "&事業者情報!C6 -> 代表取締役社長 澤田昌志
G18: 電話 | H18: =事業者情報!C7&"" -> 0566-63-6817
G19: FAX | H19: =事業者情報!C8&"" -> 0566-63-6818
B21: 下記のとおり、契約書に基づき障害福祉サービス等に要した費用を代理受領しましたので、お知らせします。
C24: 9 | D24: 月分サービス費 | E24: ￥ | F24: =H33 -> 314460 | G24: （AーB＋C）
C25: 9 | D25: 月分サービス費 | F25: 438580
D26: 支給元市区町村
D27: サービス種別 | E27: 就労継続支援Ｂ型
D28: 受給日 | E28: 45981
D29: 総支給額（単位） | E29: 2026年２月１日 | H29: 304460 | I29: 単位
D30: 総支給額（円） | E30: 総サービス費(A) | H30: 438580 | I30: 円
E31: 利用者負担額(B) | H31: 438580 | I31: 円
E32: 特定障害者給付費(C) | H32: 0 | I32: 円
G33: 合計 | H33: 10000 | I33: 円
H34: 438580

Sheet ｱﾏﾉﾏｻｼ_2
H4: 発行日: 2026年02月24日
F6: 請求書ではありません
B7: 受給者番号 | D7: 0000122663
B8: 利用者氏名 | D8: ｱﾏﾉﾏｻｼ | E8: 様
E12: 代理受領額通知書
G15: 事業者 | H15: 株式会社 TRINITY PARTNERS
H16: HarerubaseKariya グループホーム奏
G17: 代表者 | H17: =事業者情報!C5&" "&事業者情報!C6 -> 代表取締役社長 澤田昌志
G18: 電話 | H18: =事業者情報!C7&"" -> 0566-63-6817
G19: FAX | H19: =事業者情報!C8&"" -> 0566-63-6818
B21: 下記のとおり、契約書に基づき障害福祉サービス等に要した費用を代理受領しましたので、お知らせします。
C24: 9 | D24: 月分サービス費 | E24: ￥ | F24: =H33 -> 314460 | G24: （AーB＋C）
C25: 1 | D25: 月分サービス費 | F25: 398238
D26: 支給元市区町村
D27: サービス種別 | E27: 就労継続支援Ｂ型
D28: 受給日 | E28: 45981
D29: 総支給額（単位） | E29: 2026年２月１日 | H29: 304460 | I29: 単位
D30: 総支給額（円） | E30: 総サービス費(A) | H30: 398238 | I30: 円
E31: 利用者負担額(B) | H31: 398238 | I31: 円
E32: 特定障害者給付費(C) | H32: 0 | I32: 円
G33: 合計 | H33: 10000 | I33: 円
H34: 398238

Sheet ｻｶｷﾊﾞﾗﾊﾔﾄ
H4: 発行日: 2026年02月24日
F6: 請求書ではありません
B7: 受給者番号 | D7: 0000778563
B8: 利用者氏名 | D8: ｻｶｷﾊﾞﾗﾊﾔﾄ | E8: 様
E12: 代理受領額通知書
G15: 事業者 | H15: 株式会社 TRINITY PARTNERS
H16: HarerubaseKariya グループホーム奏
G17: 代表者 | H17: =事業者情報!C5&" "&事業者情報!C6 -> 代表取締役社長 澤田昌志
G18: 電話 | H18: =事業者情報!C7&"" -> 0566-63-6817
G19: FAX | H19: =事業者情報!C8&"" -> 0566-63-6818
B21: 下記のとおり、契約書に基づき障害福祉サービス等に要した費用を代理受領しましたので、お知らせします。
C24: 9 | D24: 月分サービス費 | E24: ￥ | F24: =H33 -> 314460 | G24: （AーB＋C）
C25: 9 | D25: 月分サービス費 | F25: 192315
D26: 支給元市区町村
D27: サービス種別 | E27: 就労継続支援Ｂ型
D28: 受給日 | E28: 45981
D29: 総支給額（単位） | E29: 2026年２月１日 | H29: 304460 | I29: 単位
D30: 総支給額（円） | E30: 総サービス費(A) | H30: 192315 | I30: 円
E31: 利用者負担額(B) | H31: 192315 | I31: 円
E32: 特定障害者給付費(C) | H32: 0 | I32: 円
G33: 合計 | H33: 10000 | I33: 円
H34: 192315

Sheet 斉藤　吟
H4: 発行日: 2026年02月24日
F6: 請求書ではありません
B7: 受給者番号 | D7: 9018171323
B8: 利用者氏名 | D8: 斉藤 吟 | E8: 様
E12: 代理受領額通知書
G15: 事業者 | H15: 株式会社 TRINITY PARTNERS
H16: HarerubaseKariya グループホーム奏
G17: 代表者 | H17: =事業者情報!C5&" "&事業者情報!C6 -> 代表取締役社長 澤田昌志
G18: 電話 | H18: =事業者情報!C7&"" -> 0566-63-6817
G19: FAX | H19: =事業者情報!C8&"" -> 0566-63-6818
B21: 下記のとおり、契約書に基づき障害福祉サービス等に要した費用を代理受領しましたので、お知らせします。
C24: 9 | D24: 月分サービス費 | E24: ￥ | F24: =H33 -> 314460 | G24: （AーB＋C）
C25: 9 | D25: 月分サービス費 | F25: 288377
D26: 支給元市区町村 | E26: 碧南市
D27: サービス種別 | E27: 就労継続支援Ｂ型
D28: 受給日 | E28: 45981
D29: 総支給額（単位） | E29: 2026年２月１日 | H29: 304460 | I29: 単位
D30: 総支給額（円） | E30: 総サービス費(A) | H30: 288377 | I30: 円
E31: 利用者負担額(B) | H31: 288377 | I31: 円
E32: 特定障害者給付費(C) | H32: 0 | I32: 円
G33: 合計 | H33: 10000 | I33: 円
H34: 288377

Sheet ｻｶｷﾊﾞﾗﾊﾔﾄ_2
H4: 発行日: 2026年02月24日
F6: 請求書ではありません
B7: 受給者番号 | D7: 0000778563
B8: 利用者氏名 | D8: ｻｶｷﾊﾞﾗﾊﾔﾄ | E8: 様
E12: 代理受領額通知書
G15: 事業者 | H15: 株式会社 TRINITY PARTNERS
H16: HarerubaseKariya グループホーム奏
G17: 代表者 | H17: =事業者情報!C5&" "&事業者情報!C6 -> 代表取締役社長 澤田昌志
G18: 電話 | H18: =事業者情報!C7&"" -> 0566-63-6817
G19: FAX | H19: =事業者情報!C8&"" -> 0566-63-6818
B21: 下記のとおり、契約書に基づき障害福祉サービス等に要した費用を代理受領しましたので、お知らせします。
C24: 9 | D24: 月分サービス費 | E24: ￥ | F24: =H33 -> 314460 | G24: （AーB＋C）
C25: 1 | D25: 月分サービス費 | F25: 198721
D26: 支給元市区町村
D27: サービス種別 | E27: 就労継続支援Ｂ型
D28: 受給日 | E28: 45981
D29: 総支給額（単位） | E29: 2026年２月１日 | H29: 304460 | I29: 単位
D30: 総支給額（円） | E30: 総サービス費(A) | H30: 198721 | I30: 円
E31: 利用者負担額(B) | H31: 198721 | I31: 円
E32: 特定障害者給付費(C) | H32: 0 | I32: 円
G33: 合計 | H33: 10000 | I33: 円
H34: 198721

Sheet 斉藤　吟_2
H4: 発行日: 2026年02月24日
F6: 請求書ではありません
B7: 受給者番号 | D7: 9018171323
B8: 利用者氏名 | D8: 斉藤 吟 | E8: 様
E12: 代理受領額通知書
G15: 事業者 | H15: 株式会社 TRINITY PARTNERS
H16: HarerubaseKariya グループホーム奏
G17: 代表者 | H17: =事業者情報!C5&" "&事業者情報!C6 -> 代表取締役社長 澤田昌志
G18: 電話 | H18: =事業者情報!C7&"" -> 0566-63-6817
G19: FAX | H19: =事業者情報!C8&"" -> 0566-63-6818
B21: 下記のとおり、契約書に基づき障害福祉サービス等に要した費用を代理受領しましたので、お知らせします。
C24: 9 | D24: 月分サービス費 | E24: ￥ | F24: =H33 -> 314460 | G24: （AーB＋C）
C25: 1 | D25: 月分サービス費 | F25: 239288
D26: 支給元市区町村 | E26: 碧南市
D27: サービス種別 | E27: 就労継続支援Ｂ型
D28: 受給日 | E28: 45981
D29: 総支給額（単位） | E29: 2026年２月１日 | H29: 304460 | I29: 単位
D30: 総支給額（円） | E30: 総サービス費(A) | H30: 239288 | I30: 円
E31: 利用者負担額(B) | H31: 239288 | I31: 円
E32: 特定障害者給付費(C) | H32: 0 | I32: 円
G33: 合計 | H33: 10000 | I33: 円
H34: 239288

Sheet 加藤　則子
H4: 発行日: 2026年02月24日
F6: 請求書ではありません
B7: 受給者番号 | D7: 3000010052
B8: 利用者氏名 | D8: 加藤 則子 | E8: 様
E12: 代理受領額通知書
G15: 事業者 | H15: 株式会社 TRINITY PARTNERS
H16: HarerubaseKariya グループホーム奏
G17: 代表者 | H17: =事業者情報!C5&" "&事業者情報!C6 -> 代表取締役社長 澤田昌志
G18: 電話 | H18: =事業者情報!C7&"" -> 0566-63-6817
G19: FAX | H19: =事業者情報!C8&"" -> 0566-63-6818
B21: 下記のとおり、契約書に基づき障害福祉サービス等に要した費用を代理受領しましたので、お知らせします。
C24: 9 | D24: 月分サービス費 | E24: ￥ | F24: =H33 -> 314460 | G24: （AーB＋C）
C25: 9 | D25: 月分サービス費 | F25: 307462
D26: 支給元市区町村 | E26: 刈谷市
D27: サービス種別 | E27: 就労継続支援Ｂ型
D28: 受給日 | E28: 45981
D29: 総支給額（単位） | E29: 2026年２月１日 | H29: 304460 | I29: 単位
D30: 総支給額（円） | E30: 総サービス費(A) | H30: 307462 | I30: 円
E31: 利用者負担額(B) | H31: 307462 | I31: 円
E32: 特定障害者給付費(C) | H32: 0 | I32: 円
G33: 合計 | H33: 10000 | I33: 円
H34: 307462

Sheet 西濱泰斗
H4: 発行日: 2026年02月24日
F6: 請求書ではありません
B7: 受給者番号 | D7: 3000012793
B8: 利用者氏名 | D8: 西濱泰斗 | E8: 様
E12: 代理受領額通知書
G15: 事業者 | H15: 株式会社 TRINITY PARTNERS
H16: HarerubaseKariya グループホーム奏
G17: 代表者 | H17: =事業者情報!C5&" "&事業者情報!C6 -> 代表取締役社長 澤田昌志
G18: 電話 | H18: =事業者情報!C7&"" -> 0566-63-6817
G19: FAX | H19: =事業者情報!C8&"" -> 0566-63-6818
B21: 下記のとおり、契約書に基づき障害福祉サービス等に要した費用を代理受領しましたので、お知らせします。
C24: 9 | D24: 月分サービス費 | E24: ￥ | F24: =H33 -> 314460 | G24: （AーB＋C）
C25: 9 | D25: 月分サービス費 | F25: 621432
D26: 支給元市区町村 | E26: 刈谷市
D27: サービス種別 | E27: 就労継続支援Ｂ型
D28: 受給日 | E28: 45981
D29: 総支給額（単位） | E29: 2026年２月１日 | H29: 304460 | I29: 単位
D30: 総支給額（円） | E30: 総サービス費(A) | H30: 621432 | I30: 円
E31: 利用者負担額(B) | H31: 621432 | I31: 円
E32: 特定障害者給付費(C) | H32: 0 | I32: 円
G33: 合計 | H33: 10000 | I33: 円
H34: 621432

Sheet 福田　奈央
H4: 発行日: 2026年02月24日
F6: 請求書ではありません
B7: 受給者番号 | D7: 3000019079
B8: 利用者氏名 | D8: 福田 奈央 | E8: 様
E12: 代理受領額通知書
G15: 事業者 | H15: 株式会社 TRINITY PARTNERS
H16: HarerubaseKariya グループホーム奏
G17: 代表者 | H17: =事業者情報!C5&" "&事業者情報!C6 -> 代表取締役社長 澤田昌志
G18: 電話 | H18: =事業者情報!C7&"" -> 0566-63-6817
G19: FAX | H19: =事業者情報!C8&"" -> 0566-63-6818
B21: 下記のとおり、契約書に基づき障害福祉サービス等に要した費用を代理受領しましたので、お知らせします。
C24: 9 | D24: 月分サービス費 | E24: ￥ | F24: =H33 -> 314460 | G24: （AーB＋C）
C25: 9 | D25: 月分サービス費 | F25: 115506
D26: 支給元市区町村 | E26: 刈谷市
D27: サービス種別 | E27: 就労継続支援Ｂ型
D28: 受給日 | E28: 45981
D29: 総支給額（単位） | E29: 2026年２月１日 | H29: 304460 | I29: 単位
D30: 総支給額（円） | E30: 総サービス費(A) | H30: 128340 | I30: 円
E31: 利用者負担額(B) | H31: 128340 | I31: 円
E32: 特定障害者給付費(C) | H32: 12834 | I32: 円
G33: 合計 | H33: 0 | I33: 円
H34: 115506

Sheet 古池　陸
H4: 発行日: 2026年02月24日
F6: 請求書ではありません
B7: 受給者番号 | D7: 3000019590
B8: 利用者氏名 | D8: 古池 陸 | E8: 様
E12: 代理受領額通知書
G15: 事業者 | H15: 株式会社 TRINITY PARTNERS
H16: HarerubaseKariya グループホーム奏
G17: 代表者 | H17: =事業者情報!C5&" "&事業者情報!C6 -> 代表取締役社長 澤田昌志
G18: 電話 | H18: =事業者情報!C7&"" -> 0566-63-6817
G19: FAX | H19: =事業者情報!C8&"" -> 0566-63-6818
B21: 下記のとおり、契約書に基づき障害福祉サービス等に要した費用を代理受領しましたので、お知らせします。
C24: 9 | D24: 月分サービス費 | E24: ￥ | F24: =H33 -> 314460 | G24: （AーB＋C）
C25: 9 | D25: 月分サービス費 | F25: 359486
D26: 支給元市区町村 | E26: 刈谷市
D27: サービス種別 | E27: 就労継続支援Ｂ型
D28: 受給日 | E28: 45981
D29: 総支給額（単位） | E29: 2026年２月１日 | H29: 304460 | I29: 単位
D30: 総支給額（円） | E30: 総サービス費(A) | H30: 359486 | I30: 円
E31: 利用者負担額(B) | H31: 359486 | I31: 円
E32: 特定障害者給付費(C) | H32: 0 | I32: 円
G33: 合計 | H33: 10000 | I33: 円
H34: 359486

Sheet 葛原　千草
H4: 発行日: 2026年02月24日
F6: 請求書ではありません
B7: 受給者番号 | D7: 3000021323
B8: 利用者氏名 | D8: 葛原 千草 | E8: 様
E12: 代理受領額通知書
G15: 事業者 | H15: 株式会社 TRINITY PARTNERS
H16: HarerubaseKariya グループホーム奏
G17: 代表者 | H17: =事業者情報!C5&" "&事業者情報!C6 -> 代表取締役社長 澤田昌志
G18: 電話 | H18: =事業者情報!C7&"" -> 0566-63-6817
G19: FAX | H19: =事業者情報!C8&"" -> 0566-63-6818
B21: 下記のとおり、契約書に基づき障害福祉サービス等に要した費用を代理受領しましたので、お知らせします。
C24: 9 | D24: 月分サービス費 | E24: ￥ | F24: =H33 -> 314460 | G24: （AーB＋C）
C25: 9 | D25: 月分サービス費 | F25: 266459
D26: 支給元市区町村 | E26: 刈谷市
D27: サービス種別 | E27: 就労継続支援Ｂ型
D28: 受給日 | E28: 45981
D29: 総支給額（単位） | E29: 2026年２月１日 | H29: 304460 | I29: 単位
D30: 総支給額（円） | E30: 総サービス費(A) | H30: 266459 | I30: 円
E31: 利用者負担額(B) | H31: 266459 | I31: 円
E32: 特定障害者給付費(C) | H32: 0 | I32: 円
G33: 合計 | H33: 10000 | I33: 円
H34: 266459

Sheet 磯村英男
H4: 発行日: 2026年02月24日
F6: 請求書ではありません
B7: 受給者番号 | D7: 3000000962
B8: 利用者氏名 | D8: 磯村英男 | E8: 様
E12: 代理受領額通知書
G15: 事業者 | H15: 株式会社 TRINITY PARTNERS
H16: HarerubaseKariya グループホーム奏
G17: 代表者 | H17: =事業者情報!C5&" "&事業者情報!C6 -> 代表取締役社長 澤田昌志
G18: 電話 | H18: =事業者情報!C7&"" -> 0566-63-6817
G19: FAX | H19: =事業者情報!C8&"" -> 0566-63-6818
B21: 下記のとおり、契約書に基づき障害福祉サービス等に要した費用を代理受領しましたので、お知らせします。
C24: 9 | D24: 月分サービス費 | E24: ￥ | F24: =H33 -> 314460 | G24: （AーB＋C）
C25: 1 | D25: 月分サービス費 | F25: 250756
D26: 支給元市区町村 | E26: 刈谷市
D27: サービス種別 | E27: 就労継続支援Ｂ型
D28: 受給日 | E28: 45981
D29: 総支給額（単位） | E29: 2026年２月１日 | H29: 304460 | I29: 単位
D30: 総支給額（円） | E30: 総サービス費(A) | H30: 250756 | I30: 円
E31: 利用者負担額(B) | H31: 250756 | I31: 円
E32: 特定障害者給付費(C) | H32: 0 | I32: 円
G33: 合計 | H33: 10000 | I33: 円
H34: 250756

Sheet 加藤　則子_2
H4: 発行日: 2026年02月24日
F6: 請求書ではありません
B7: 受給者番号 | D7: 3000010052
B8: 利用者氏名 | D8: 加藤 則子 | E8: 様
E12: 代理受領額通知書
G15: 事業者 | H15: 株式会社 TRINITY PARTNERS
H16: HarerubaseKariya グループホーム奏
G17: 代表者 | H17: =事業者情報!C5&" "&事業者情報!C6 -> 代表取締役社長 澤田昌志
G18: 電話 | H18: =事業者情報!C7&"" -> 0566-63-6817
G19: FAX | H19: =事業者情報!C8&"" -> 0566-63-6818
B21: 下記のとおり、契約書に基づき障害福祉サービス等に要した費用を代理受領しましたので、お知らせします。
C24: 9 | D24: 月分サービス費 | E24: ￥ | F24: =H33 -> 314460 | G24: （AーB＋C）
C25: 1 | D25: 月分サービス費 | F25: 270356
D26: 支給元市区町村 | E26: 刈谷市
D27: サービス種別 | E27: 就労継続支援Ｂ型
D28: 受給日 | E28: 45981
D29: 総支給額（単位） | E29: 2026年２月１日 | H29: 304460 | I29: 単位
D30: 総支給額（円） | E30: 総サービス費(A) | H30: 270356 | I30: 円
E31: 利用者負担額(B) | H31: 270356 | I31: 円
E32: 特定障害者給付費(C) | H32: 0 | I32: 円
G33: 合計 | H33: 10000 | I33: 円
H34: 270356

Sheet 蟹江くるみ
H4: 発行日: 2026年02月24日
F6: 請求書ではありません
B7: 受給者番号 | D7: 3000012348
B8: 利用者氏名 | D8: 蟹江くるみ | E8: 様
E12: 代理受領額通知書
G15: 事業者 | H15: 株式会社 TRINITY PARTNERS
H16: HarerubaseKariya グループホーム奏
G17: 代表者 | H17: =事業者情報!C5&" "&事業者情報!C6 -> 代表取締役社長 澤田昌志
G18: 電話 | H18: =事業者情報!C7&"" -> 0566-63-6817
G19: FAX | H19: =事業者情報!C8&"" -> 0566-63-6818
B21: 下記のとおり、契約書に基づき障害福祉サービス等に要した費用を代理受領しましたので、お知らせします。
C24: 9 | D24: 月分サービス費 | E24: ￥ | F24: =H33 -> 314460 | G24: （AーB＋C）
C25: 1 | D25: 月分サービス費 | F25: 45292
D26: 支給元市区町村 | E26: 刈谷市
D27: サービス種別 | E27: 就労継続支援Ｂ型
D28: 受給日 | E28: 45981
D29: 総支給額（単位） | E29: 2026年２月１日 | H29: 304460 | I29: 単位
D30: 総支給額（円） | E30: 総サービス費(A) | H30: 45292 | I30: 円
E31: 利用者負担額(B) | H31: 45292 | I31: 円
E32: 特定障害者給付費(C) | H32: 0 | I32: 円
G33: 合計 | H33: 2260 | I33: 円
H34: 45292

Sheet 西濱泰斗_2
H4: 発行日: 2026年02月24日
F6: 請求書ではありません
B7: 受給者番号 | D7: 3000012793
B8: 利用者氏名 | D8: 西濱泰斗 | E8: 様
E12: 代理受領額通知書
G15: 事業者 | H15: 株式会社 TRINITY PARTNERS
H16: HarerubaseKariya グループホーム奏
G17: 代表者 | H17: =事業者情報!C5&" "&事業者情報!C6 -> 代表取締役社長 澤田昌志
G18: 電話 | H18: =事業者情報!C7&"" -> 0566-63-6817
G19: FAX | H19: =事業者情報!C8&"" -> 0566-63-6818
B21: 下記のとおり、契約書に基づき障害福祉サービス等に要した費用を代理受領しましたので、お知らせします。
C24: 9 | D24: 月分サービス費 | E24: ￥ | F24: =H33 -> 314460 | G24: （AーB＋C）
C25: 1 | D25: 月分サービス費 | F25: 569508
D26: 支給元市区町村 | E26: 刈谷市
D27: サービス種別 | E27: 就労継続支援Ｂ型
D28: 受給日 | E28: 45981
D29: 総支給額（単位） | E29: 2026年２月１日 | H29: 304460 | I29: 単位
D30: 総支給額（円） | E30: 総サービス費(A) | H30: 569508 | I30: 円
E31: 利用者負担額(B) | H31: 569508 | I31: 円
E32: 特定障害者給付費(C) | H32: 0 | I32: 円
G33: 合計 | H33: 10000 | I33: 円
H34: 569508

Sheet 福田　奈央_2
H4: 発行日: 2026年02月24日
F6: 請求書ではありません
B7: 受給者番号 | D7: 3000019079
B8: 利用者氏名 | D8: 福田 奈央 | E8: 様
E12: 代理受領額通知書
G15: 事業者 | H15: 株式会社 TRINITY PARTNERS
H16: HarerubaseKariya グループホーム奏
G17: 代表者 | H17: =事業者情報!C5&" "&事業者情報!C6 -> 代表取締役社長 澤田昌志
G18: 電話 | H18: =事業者情報!C7&"" -> 0566-63-6817
G19: FAX | H19: =事業者情報!C8&"" -> 0566-63-6818
B21: 下記のとおり、契約書に基づき障害福祉サービス等に要した費用を代理受領しましたので、お知らせします。
C24: 9 | D24: 月分サービス費 | E24: ￥ | F24: =H33 -> 314460 | G24: （AーB＋C）
C25: 1 | D25: 月分サービス費 | F25: 103955
D26: 支給元市区町村 | E26: 刈谷市
D27: サービス種別 | E27: 就労継続支援Ｂ型
D28: 受給日 | E28: 45981
D29: 総支給額（単位） | E29: 2026年２月１日 | H29: 304460 | I29: 単位
D30: 総支給額（円） | E30: 総サービス費(A) | H30: 115505 | I30: 円
E31: 利用者負担額(B) | H31: 115505 | I31: 円
E32: 特定障害者給付費(C) | H32: 11550 | I32: 円
G33: 合計 | H33: 0 | I33: 円
H34: 103955

Sheet 古池　陸_2
H4: 発行日: 2026年02月24日
F6: 請求書ではありません
B7: 受給者番号 | D7: 3000019590
B8: 利用者氏名 | D8: 古池 陸 | E8: 様
E12: 代理受領額通知書
G15: 事業者 | H15: 株式会社 TRINITY PARTNERS
H16: HarerubaseKariya グループホーム奏
G17: 代表者 | H17: =事業者情報!C5&" "&事業者情報!C6 -> 代表取締役社長 澤田昌志
G18: 電話 | H18: =事業者情報!C7&"" -> 0566-63-6817
G19: FAX | H19: =事業者情報!C8&"" -> 0566-63-6818
B21: 下記のとおり、契約書に基づき障害福祉サービス等に要した費用を代理受領しましたので、お知らせします。
C24: 9 | D24: 月分サービス費 | E24: ￥ | F24: =H33 -> 314460 | G24: （AーB＋C）
C25: 1 | D25: 月分サービス費 | F25: 335652
D26: 支給元市区町村 | E26: 刈谷市
D27: サービス種別 | E27: 就労継続支援Ｂ型
D28: 受給日 | E28: 45981
D29: 総支給額（単位） | E29: 2026年２月１日 | H29: 304460 | I29: 単位
D30: 総支給額（円） | E30: 総サービス費(A) | H30: 335652 | I30: 円
E31: 利用者負担額(B) | H31: 335652 | I31: 円
E32: 特定障害者給付費(C) | H32: 0 | I32: 円
G33: 合計 | H33: 10000 | I33: 円
H34: 335652

Sheet 葛原　千草_2
H4: 発行日: 2026年02月24日
F6: 請求書ではありません
B7: 受給者番号 | D7: 3000021323
B8: 利用者氏名 | D8: 葛原 千草 | E8: 様
E12: 代理受領額通知書
G15: 事業者 | H15: 株式会社 TRINITY PARTNERS
H16: HarerubaseKariya グループホーム奏
G17: 代表者 | H17: =事業者情報!C5&" "&事業者情報!C6 -> 代表取締役社長 澤田昌志
G18: 電話 | H18: =事業者情報!C7&"" -> 0566-63-6817
G19: FAX | H19: =事業者情報!C8&"" -> 0566-63-6818
B21: 下記のとおり、契約書に基づき障害福祉サービス等に要した費用を代理受領しましたので、お知らせします。
C24: 9 | D24: 月分サービス費 | E24: ￥ | F24: =H33 -> 314460 | G24: （AーB＋C）
C25: 1 | D25: 月分サービス費 | F25: 228513
D26: 支給元市区町村 | E26: 刈谷市
D27: サービス種別 | E27: 就労継続支援Ｂ型
D28: 受給日 | E28: 45981
D29: 総支給額（単位） | E29: 2026年２月１日 | H29: 304460 | I29: 単位
D30: 総支給額（円） | E30: 総サービス費(A) | H30: 228513 | I30: 円
E31: 利用者負担額(B) | H31: 228513 | I31: 円
E32: 特定障害者給付費(C) | H32: 0 | I32: 円
G33: 合計 | H33: 10000 | I33: 円
H34: 228513

Sheet 篠田　周平
H4: 発行日: 2026年02月24日
F6: 請求書ではありません
B7: 受給者番号 | D7: 2000004818
B8: 利用者氏名 | D8: 篠田 周平 | E8: 様
E12: 代理受領額通知書
G15: 事業者 | H15: 株式会社 TRINITY PARTNERS
H16: HarerubaseKariya グループホーム奏
G17: 代表者 | H17: =事業者情報!C5&" "&事業者情報!C6 -> 代表取締役社長 澤田昌志
G18: 電話 | H18: =事業者情報!C7&"" -> 0566-63-6817
G19: FAX | H19: =事業者情報!C8&"" -> 0566-63-6818
B21: 下記のとおり、契約書に基づき障害福祉サービス等に要した費用を代理受領しましたので、お知らせします。
C24: 9 | D24: 月分サービス費 | E24: ￥ | F24: =H33 -> 314460 | G24: （AーB＋C）
C25: 9 | D25: 月分サービス費 | F25: 254072
D26: 支給元市区町村 | E26: 安城市
D27: サービス種別 | E27: 就労継続支援Ｂ型
D28: 受給日 | E28: 45981
D29: 総支給額（単位） | E29: 2026年２月１日 | H29: 304460 | I29: 単位
D30: 総支給額（円） | E30: 総サービス費(A) | H30: 254072 | I30: 円
E31: 利用者負担額(B) | H31: 254072 | I31: 円
E32: 特定障害者給付費(C) | H32: 0 | I32: 円
G33: 合計 | H33: 10000 | I33: 円
H34: 254072

Sheet 岡田英樹
H4: 発行日: 2026年02月24日
F6: 請求書ではありません
B7: 受給者番号 | D7: 2000006458
B8: 利用者氏名 | D8: 岡田英樹 | E8: 様
E12: 代理受領額通知書
G15: 事業者 | H15: 株式会社 TRINITY PARTNERS
H16: HarerubaseKariya グループホーム奏
G17: 代表者 | H17: =事業者情報!C5&" "&事業者情報!C6 -> 代表取締役社長 澤田昌志
G18: 電話 | H18: =事業者情報!C7&"" -> 0566-63-6817
G19: FAX | H19: =事業者情報!C8&"" -> 0566-63-6818
B21: 下記のとおり、契約書に基づき障害福祉サービス等に要した費用を代理受領しましたので、お知らせします。
C24: 9 | D24: 月分サービス費 | E24: ￥ | F24: =H33 -> 314460 | G24: （AーB＋C）
C25: 9 | D25: 月分サービス費 | F25: 304460
D26: 支給元市区町村 | E26: 安城市
D27: サービス種別 | E27: 就労継続支援Ｂ型
D28: 受給日 | E28: 45981
D29: 総支給額（単位） | E29: 2026年２月１日 | H29: 304460 | I29: 単位
D30: 総支給額（円） | E30: 総サービス費(A) | H30: 304460 | I30: 円
E31: 利用者負担額(B) | H31: 304460 | I31: 円
E32: 特定障害者給付費(C) | H32: 0 | I32: 円
G33: 合計 | H33: 10000 | I33: 円
H34: 304460

Sheet 芦澤　凛
H4: 発行日: 2026年02月24日
F6: 請求書ではありません
B7: 受給者番号 | D7: 2000009338
B8: 利用者氏名 | D8: 芦澤 凛 | E8: 様
E12: 代理受領額通知書
G15: 事業者 | H15: 株式会社 TRINITY PARTNERS
H16: HarerubaseKariya グループホーム奏
G17: 代表者 | H17: =事業者情報!C5&" "&事業者情報!C6 -> 代表取締役社長 澤田昌志
G18: 電話 | H18: =事業者情報!C7&"" -> 0566-63-6817
G19: FAX | H19: =事業者情報!C8&"" -> 0566-63-6818
B21: 下記のとおり、契約書に基づき障害福祉サービス等に要した費用を代理受領しましたので、お知らせします。
C24: 9 | D24: 月分サービス費 | E24: ￥ | F24: =H33 -> 314460 | G24: （AーB＋C）
C25: 9 | D25: 月分サービス費 | F25: 247038
D26: 支給元市区町村 | E26: 安城市
D27: サービス種別 | E27: 就労継続支援Ｂ型
D28: 受給日 | E28: 45981
D29: 総支給額（単位） | E29: 2026年２月１日 | H29: 304460 | I29: 単位
D30: 総支給額（円） | E30: 総サービス費(A) | H30: 247038 | I30: 円
E31: 利用者負担額(B) | H31: 247038 | I31: 円
E32: 特定障害者給付費(C) | H32: 0 | I32: 円
G33: 合計 | H33: 10000 | I33: 円
H34: 247038

Sheet 篠田　周平_2
H4: 発行日: 2026年02月24日
F6: 請求書ではありません
B7: 受給者番号 | D7: 2000004818
B8: 利用者氏名 | D8: 篠田 周平 | E8: 様
E12: 代理受領額通知書
G15: 事業者 | H15: 株式会社 TRINITY PARTNERS
H16: HarerubaseKariya グループホーム奏
G17: 代表者 | H17: =事業者情報!C5&" "&事業者情報!C6 -> 代表取締役社長 澤田昌志
G18: 電話 | H18: =事業者情報!C7&"" -> 0566-63-6817
G19: FAX | H19: =事業者情報!C8&"" -> 0566-63-6818
B21: 下記のとおり、契約書に基づき障害福祉サービス等に要した費用を代理受領しましたので、お知らせします。
C24: 9 | D24: 月分サービス費 | E24: ￥ | F24: =H33 -> 314460 | G24: （AーB＋C）
C25: 1 | D25: 月分サービス費 | F25: 173678
D26: 支給元市区町村 | E26: 安城市
D27: サービス種別 | E27: 就労継続支援Ｂ型
D28: 受給日 | E28: 45981
D29: 総支給額（単位） | E29: 2026年２月１日 | H29: 304460 | I29: 単位
D30: 総支給額（円） | E30: 総サービス費(A) | H30: 173678 | I30: 円
E31: 利用者負担額(B) | H31: 173678 | I31: 円
E32: 特定障害者給付費(C) | H32: 0 | I32: 円
G33: 合計 | H33: 10000 | I33: 円
H34: 173678

Sheet 岡田英樹_2
H4: 発行日: 2026年02月24日
F6: 請求書ではありません
B7: 受給者番号 | D7: 2000006458
B8: 利用者氏名 | D8: 岡田英樹 | E8: 様
E12: 代理受領額通知書
G15: 事業者 | H15: 株式会社 TRINITY PARTNERS
H16: HarerubaseKariya グループホーム奏
G17: 代表者 | H17: =事業者情報!C5&" "&事業者情報!C6 -> 代表取締役社長 澤田昌志
G18: 電話 | H18: =事業者情報!C7&"" -> 0566-63-6817
G19: FAX | H19: =事業者情報!C8&"" -> 0566-63-6818
B21: 下記のとおり、契約書に基づき障害福祉サービス等に要した費用を代理受領しましたので、お知らせします。
C24: 9 | D24: 月分サービス費 | E24: ￥ | F24: =H33 -> 314460 | G24: （AーB＋C）
C25: 1 | D25: 月分サービス費 | F25: 272820
D26: 支給元市区町村 | E26: 安城市
D27: サービス種別 | E27: 就労継続支援Ｂ型
D28: 受給日 | E28: 45981
D29: 総支給額（単位） | E29: 2026年２月１日 | H29: 304460 | I29: 単位
D30: 総支給額（円） | E30: 総サービス費(A) | H30: 272820 | I30: 円
E31: 利用者負担額(B) | H31: 272820 | I31: 円
E32: 特定障害者給付費(C) | H32: 0 | I32: 円
G33: 合計 | H33: 10000 | I33: 円
H34: 272820

Sheet 西山希望
H4: 発行日: 2026年02月24日
F6: 請求書ではありません
B7: 受給者番号 | D7: 2000009072
B8: 利用者氏名 | D8: 西山希望 | E8: 様
E12: 代理受領額通知書
G15: 事業者 | H15: 株式会社 TRINITY PARTNERS
H16: HarerubaseKariya グループホーム奏
G17: 代表者 | H17: =事業者情報!C5&" "&事業者情報!C6 -> 代表取締役社長 澤田昌志
G18: 電話 | H18: =事業者情報!C7&"" -> 0566-63-6817
G19: FAX | H19: =事業者情報!C8&"" -> 0566-63-6818
B21: 下記のとおり、契約書に基づき障害福祉サービス等に要した費用を代理受領しましたので、お知らせします。
C24: 9 | D24: 月分サービス費 | E24: ￥ | F24: =H33 -> 314460 | G24: （AーB＋C）
C25: 1 | D25: 月分サービス費 | F25: 35974
D26: 支給元市区町村 | E26: 安城市
D27: サービス種別 | E27: 就労継続支援Ｂ型
D28: 受給日 | E28: 45981
D29: 総支給額（単位） | E29: 2026年２月１日 | H29: 304460 | I29: 単位
D30: 総支給額（円） | E30: 総サービス費(A) | H30: 35974 | I30: 円
E31: 利用者負担額(B) | H31: 35974 | I31: 円
E32: 特定障害者給付費(C) | H32: 0 | I32: 円
G33: 合計 | H33: 9100 | I33: 円
H34: 35974

Sheet 芦澤　凛_2
H4: 発行日: 2026年02月24日
F6: 請求書ではありません
B7: 受給者番号 | D7: 2000009338
B8: 利用者氏名 | D8: 芦澤 凛 | E8: 様
E12: 代理受領額通知書
G15: 事業者 | H15: 株式会社 TRINITY PARTNERS
H16: HarerubaseKariya グループホーム奏
G17: 代表者 | H17: =事業者情報!C5&" "&事業者情報!C6 -> 代表取締役社長 澤田昌志
G18: 電話 | H18: =事業者情報!C7&"" -> 0566-63-6817
G19: FAX | H19: =事業者情報!C8&"" -> 0566-63-6818
B21: 下記のとおり、契約書に基づき障害福祉サービス等に要した費用を代理受領しましたので、お知らせします。
C24: 9 | D24: 月分サービス費 | E24: ￥ | F24: =H33 -> 314460 | G24: （AーB＋C）
C25: 1 | D25: 月分サービス費 | F25: 216484
D26: 支給元市区町村 | E26: 安城市
D27: サービス種別 | E27: 就労継続支援Ｂ型
D28: 受給日 | E28: 45981
D29: 総支給額（単位） | E29: 2026年２月１日 | H29: 304460 | I29: 単位
D30: 総支給額（円） | E30: 総サービス費(A) | H30: 216484 | I30: 円
E31: 利用者負担額(B) | H31: 216484 | I31: 円
E32: 特定障害者給付費(C) | H32: 0 | I32: 円
G33: 合計 | H33: 10000 | I33: 円
H34: 216484

Sheet 筒井　奈都美
H4: 発行日: 2026年02月24日
F6: 請求書ではありません
B7: 受給者番号 | D7: 6000001708
B8: 利用者氏名 | D8: 筒井 奈都美 | E8: 様
E12: 代理受領額通知書
G15: 事業者 | H15: 株式会社 TRINITY PARTNERS
H16: HarerubaseKariya グループホーム奏
G17: 代表者 | H17: =事業者情報!C5&" "&事業者情報!C6 -> 代表取締役社長 澤田昌志
G18: 電話 | H18: =事業者情報!C7&"" -> 0566-63-6817
G19: FAX | H19: =事業者情報!C8&"" -> 0566-63-6818
B21: 下記のとおり、契約書に基づき障害福祉サービス等に要した費用を代理受領しましたので、お知らせします。
C24: 9 | D24: 月分サービス費 | E24: ￥ | F24: =H33 -> 314460 | G24: （AーB＋C）
C25: 9 | D25: 月分サービス費 | F25: 484825
D26: 支給元市区町村 | E26: 東海市
D27: サービス種別 | E27: 就労継続支援Ｂ型
D28: 受給日 | E28: 45981
D29: 総支給額（単位） | E29: 2026年２月１日 | H29: 304460 | I29: 単位
D30: 総支給額（円） | E30: 総サービス費(A) | H30: 484825 | I30: 円
E31: 利用者負担額(B) | H31: 484825 | I31: 円
E32: 特定障害者給付費(C) | H32: 0 | I32: 円
G33: 合計 | H33: 0 | I33: 円
H34: 484825

Sheet 筒井　奈都美_2
H4: 発行日: 2026年02月24日
F6: 請求書ではありません
B7: 受給者番号 | D7: 6000001708
B8: 利用者氏名 | D8: 筒井 奈都美 | E8: 様
E12: 代理受領額通知書
G15: 事業者 | H15: 株式会社 TRINITY PARTNERS
H16: HarerubaseKariya グループホーム奏
G17: 代表者 | H17: =事業者情報!C5&" "&事業者情報!C6 -> 代表取締役社長 澤田昌志
G18: 電話 | H18: =事業者情報!C7&"" -> 0566-63-6817
G19: FAX | H19: =事業者情報!C8&"" -> 0566-63-6818
B21: 下記のとおり、契約書に基づき障害福祉サービス等に要した費用を代理受領しましたので、お知らせします。
C24: 9 | D24: 月分サービス費 | E24: ￥ | F24: =H33 -> 314460 | G24: （AーB＋C）
C25: 1 | D25: 月分サービス費 | F25: 417256
D26: 支給元市区町村 | E26: 東海市
D27: サービス種別 | E27: 就労継続支援Ｂ型
D28: 受給日 | E28: 45981
D29: 総支給額（単位） | E29: 2026年２月１日 | H29: 304460 | I29: 単位
D30: 総支給額（円） | E30: 総サービス費(A) | H30: 417256 | I30: 円
E31: 利用者負担額(B) | H31: 417256 | I31: 円
E32: 特定障害者給付費(C) | H32: 0 | I32: 円
G33: 合計 | H33: 10000 | I33: 円
H34: 417256

Sheet 東原　尚輝
H4: 発行日: 2026年02月24日
F6: 請求書ではありません
B7: 受給者番号 | D7: 2419519208
B8: 利用者氏名 | D8: 東原 尚輝 | E8: 様
E12: 代理受領額通知書
G15: 事業者 | H15: 株式会社 TRINITY PARTNERS
H16: HarerubaseKariya グループホーム奏
G17: 代表者 | H17: =事業者情報!C5&" "&事業者情報!C6 -> 代表取締役社長 澤田昌志
G18: 電話 | H18: =事業者情報!C7&"" -> 0566-63-6817
G19: FAX | H19: =事業者情報!C8&"" -> 0566-63-6818
B21: 下記のとおり、契約書に基づき障害福祉サービス等に要した費用を代理受領しましたので、お知らせします。
C24: 9 | D24: 月分サービス費 | E24: ￥ | F24: =H33 -> 314460 | G24: （AーB＋C）
C25: 9 | D25: 月分サービス費 | F25: 432432
D26: 支給元市区町村 | E26: 知多市
D27: サービス種別 | E27: 就労継続支援Ｂ型
D28: 受給日 | E28: 45981
D29: 総支給額（単位） | E29: 2026年２月１日 | H29: 304460 | I29: 単位
D30: 総支給額（円） | E30: 総サービス費(A) | H30: 432432 | I30: 円
E31: 利用者負担額(B) | H31: 432432 | I31: 円
E32: 特定障害者給付費(C) | H32: 0 | I32: 円
G33: 合計 | H33: 10000 | I33: 円
H34: 432432

Sheet 二方　萌衣
H4: 発行日: 2026年02月24日
F6: 請求書ではありません
B7: 受給者番号 | D7: 2420469211
B8: 利用者氏名 | D8: 二方 萌衣 | E8: 様
E12: 代理受領額通知書
G15: 事業者 | H15: 株式会社 TRINITY PARTNERS
H16: HarerubaseKariya グループホーム奏
G17: 代表者 | H17: =事業者情報!C5&" "&事業者情報!C6 -> 代表取締役社長 澤田昌志
G18: 電話 | H18: =事業者情報!C7&"" -> 0566-63-6817
G19: FAX | H19: =事業者情報!C8&"" -> 0566-63-6818
B21: 下記のとおり、契約書に基づき障害福祉サービス等に要した費用を代理受領しましたので、お知らせします。
C24: 9 | D24: 月分サービス費 | E24: ￥ | F24: =H33 -> 314460 | G24: （AーB＋C）
C25: 9 | D25: 月分サービス費 | F25: 484825
D26: 支給元市区町村 | E26: 知多市
D27: サービス種別 | E27: 就労継続支援Ｂ型
D28: 受給日 | E28: 45981
D29: 総支給額（単位） | E29: 2026年２月１日 | H29: 304460 | I29: 単位
D30: 総支給額（円） | E30: 総サービス費(A) | H30: 484825 | I30: 円
E31: 利用者負担額(B) | H31: 484825 | I31: 円
E32: 特定障害者給付費(C) | H32: 0 | I32: 円
G33: 合計 | H33: 10000 | I33: 円
H34: 484825

Sheet 東原　尚輝_2
H4: 発行日: 2026年02月24日
F6: 請求書ではありません
B7: 受給者番号 | D7: 2419519208
B8: 利用者氏名 | D8: 東原 尚輝 | E8: 様
E12: 代理受領額通知書
G15: 事業者 | H15: 株式会社 TRINITY PARTNERS
H16: HarerubaseKariya グループホーム奏
G17: 代表者 | H17: =事業者情報!C5&" "&事業者情報!C6 -> 代表取締役社長 澤田昌志
G18: 電話 | H18: =事業者情報!C7&"" -> 0566-63-6817
G19: FAX | H19: =事業者情報!C8&"" -> 0566-63-6818
B21: 下記のとおり、契約書に基づき障害福祉サービス等に要した費用を代理受領しましたので、お知らせします。
C24: 9 | D24: 月分サービス費 | E24: ￥ | F24: =H33 -> 314460 | G24: （AーB＋C）
C25: 1 | D25: 月分サービス費 | F25: 395259
D26: 支給元市区町村 | E26: 知多市
D27: サービス種別 | E27: 就労継続支援Ｂ型
D28: 受給日 | E28: 45981
D29: 総支給額（単位） | E29: 2026年２月１日 | H29: 304460 | I29: 単位
D30: 総支給額（円） | E30: 総サービス費(A) | H30: 395259 | I30: 円
E31: 利用者負担額(B) | H31: 395259 | I31: 円
E32: 特定障害者給付費(C) | H32: 0 | I32: 円
G33: 合計 | H33: 10000 | I33: 円
H34: 395259

Sheet 二方　萌衣_2
H4: 発行日: 2026年02月24日
F6: 請求書ではありません
B7: 受給者番号 | D7: 2420469211
B8: 利用者氏名 | D8: 二方 萌衣 | E8: 様
E12: 代理受領額通知書
G15: 事業者 | H15: 株式会社 TRINITY PARTNERS
H16: HarerubaseKariya グループホーム奏
G17: 代表者 | H17: =事業者情報!C5&" "&事業者情報!C6 -> 代表取締役社長 澤田昌志
G18: 電話 | H18: =事業者情報!C7&"" -> 0566-63-6817
G19: FAX | H19: =事業者情報!C8&"" -> 0566-63-6818
B21: 下記のとおり、契約書に基づき障害福祉サービス等に要した費用を代理受領しましたので、お知らせします。
C24: 9 | D24: 月分サービス費 | E24: ￥ | F24: =H33 -> 314460 | G24: （AーB＋C）
C25: 1 | D25: 月分サービス費 | F25: 431636
D26: 支給元市区町村 | E26: 知多市
D27: サービス種別 | E27: 就労継続支援Ｂ型
D28: 受給日 | E28: 45981
D29: 総支給額（単位） | E29: 2026年２月１日 | H29: 304460 | I29: 単位
D30: 総支給額（円） | E30: 総サービス費(A) | H30: 431636 | I30: 円
E31: 利用者負担額(B) | H31: 431636 | I31: 円
E32: 特定障害者給付費(C) | H32: 0 | I32: 円
G33: 合計 | H33: 10000 | I33: 円
H34: 431636

Sheet ﾑﾗｾｱｷﾋﾛ
H4: 発行日: 2026年02月24日
F6: 請求書ではありません
B7: 受給者番号 | D7: 0000001180
B8: 利用者氏名 | D8: ﾑﾗｾｱｷﾋﾛ | E8: 様
E12: 代理受領額通知書
G15: 事業者 | H15: 株式会社 TRINITY PARTNERS
H16: HarerubaseKariya グループホーム奏
G17: 代表者 | H17: =事業者情報!C5&" "&事業者情報!C6 -> 代表取締役社長 澤田昌志
G18: 電話 | H18: =事業者情報!C7&"" -> 0566-63-6817
G19: FAX | H19: =事業者情報!C8&"" -> 0566-63-6818
B21: 下記のとおり、契約書に基づき障害福祉サービス等に要した費用を代理受領しましたので、お知らせします。
C24: 9 | D24: 月分サービス費 | E24: ￥ | F24: =H33 -> 314460 | G24: （AーB＋C）
C25: 9 | D25: 月分サービス費 | F25: 429710
D26: 支給元市区町村
D27: サービス種別 | E27: 就労継続支援Ｂ型
D28: 受給日 | E28: 45981
D29: 総支給額（単位） | E29: 2026年２月１日 | H29: 304460 | I29: 単位
D30: 総支給額（円） | E30: 総サービス費(A) | H30: 429710 | I30: 円
E31: 利用者負担額(B) | H31: 429710 | I31: 円
E32: 特定障害者給付費(C) | H32: 0 | I32: 円
G33: 合計 | H33: 10000 | I33: 円
H34: 429710

Sheet ﾑﾗｾｱｷﾋﾛ_2
H4: 発行日: 2026年02月24日
F6: 請求書ではありません
B7: 受給者番号 | D7: 0000001180
B8: 利用者氏名 | D8: ﾑﾗｾｱｷﾋﾛ | E8: 様
E12: 代理受領額通知書
G15: 事業者 | H15: 株式会社 TRINITY PARTNERS
H16: HarerubaseKariya グループホーム奏
G17: 代表者 | H17: =事業者情報!C5&" "&事業者情報!C6 -> 代表取締役社長 澤田昌志
G18: 電話 | H18: =事業者情報!C7&"" -> 0566-63-6817
G19: FAX | H19: =事業者情報!C8&"" -> 0566-63-6818
B21: 下記のとおり、契約書に基づき障害福祉サービス等に要した費用を代理受領しましたので、お知らせします。
C24: 9 | D24: 月分サービス費 | E24: ￥ | F24: =H33 -> 314460 | G24: （AーB＋C）
C25: 1 | D25: 月分サービス費 | F25: 391776
D26: 支給元市区町村
D27: サービス種別 | E27: 就労継続支援Ｂ型
D28: 受給日 | E28: 45981
D29: 総支給額（単位） | E29: 2026年２月１日 | H29: 304460 | I29: 単位
D30: 総支給額（円） | E30: 総サービス費(A) | H30: 391776 | I30: 円
E31: 利用者負担額(B) | H31: 391776 | I31: 円
E32: 特定障害者給付費(C) | H32: 0 | I32: 円
G33: 合計 | H33: 10000 | I33: 円
H34: 391776

Sheet 森口　真紀子
H4: 発行日: 2026年02月24日
F6: 請求書ではありません
B7: 受給者番号 | D7: 3000000236
B8: 利用者氏名 | D8: 森口 真紀子 | E8: 様
E12: 代理受領額通知書
G15: 事業者 | H15: 株式会社 TRINITY PARTNERS
H16: HarerubaseKariya グループホーム奏
G17: 代表者 | H17: =事業者情報!C5&" "&事業者情報!C6 -> 代表取締役社長 澤田昌志
G18: 電話 | H18: =事業者情報!C7&"" -> 0566-63-6817
G19: FAX | H19: =事業者情報!C8&"" -> 0566-63-6818
B21: 下記のとおり、契約書に基づき障害福祉サービス等に要した費用を代理受領しましたので、お知らせします。
C24: 9 | D24: 月分サービス費 | E24: ￥ | F24: =H33 -> 314460 | G24: （AーB＋C）
C25: 9 | D25: 月分サービス費 | F25: 279406
D26: 支給元市区町村 | E26: 東浦町
D27: サービス種別 | E27: 就労継続支援Ｂ型
D28: 受給日 | E28: 45981
D29: 総支給額（単位） | E29: 2026年２月１日 | H29: 304460 | I29: 単位
D30: 総支給額（円） | E30: 総サービス費(A) | H30: 279406 | I30: 円
E31: 利用者負担額(B) | H31: 279406 | I31: 円
E32: 特定障害者給付費(C) | H32: 0 | I32: 円
G33: 合計 | H33: 10000 | I33: 円
H34: 279406

Sheet 長尾　夏江
H4: 発行日: 2026年02月24日
F6: 請求書ではありません
B7: 受給者番号 | D7: 3000004972
B8: 利用者氏名 | D8: 長尾 夏江 | E8: 様
E12: 代理受領額通知書
G15: 事業者 | H15: 株式会社 TRINITY PARTNERS
H16: HarerubaseKariya グループホーム奏
G17: 代表者 | H17: =事業者情報!C5&" "&事業者情報!C6 -> 代表取締役社長 澤田昌志
G18: 電話 | H18: =事業者情報!C7&"" -> 0566-63-6817
G19: FAX | H19: =事業者情報!C8&"" -> 0566-63-6818
B21: 下記のとおり、契約書に基づき障害福祉サービス等に要した費用を代理受領しましたので、お知らせします。
C24: 9 | D24: 月分サービス費 | E24: ￥ | F24: =H33 -> 314460 | G24: （AーB＋C）
C25: 9 | D25: 月分サービス費 | F25: 353516
D26: 支給元市区町村 | E26: 東浦町
D27: サービス種別 | E27: 就労継続支援Ｂ型
D28: 受給日 | E28: 45981
D29: 総支給額（単位） | E29: 2026年２月１日 | H29: 304460 | I29: 単位
D30: 総支給額（円） | E30: 総サービス費(A) | H30: 353516 | I30: 円
E31: 利用者負担額(B) | H31: 353516 | I31: 円
E32: 特定障害者給付費(C) | H32: 0 | I32: 円
G33: 合計 | H33: 10000 | I33: 円
H34: 353516

Sheet 森口　真紀子_2
H4: 発行日: 2026年02月24日
F6: 請求書ではありません
B7: 受給者番号 | D7: 3000000236
B8: 利用者氏名 | D8: 森口 真紀子 | E8: 様
E12: 代理受領額通知書
G15: 事業者 | H15: 株式会社 TRINITY PARTNERS
H16: HarerubaseKariya グループホーム奏
G17: 代表者 | H17: =事業者情報!C5&" "&事業者情報!C6 -> 代表取締役社長 澤田昌志
G18: 電話 | H18: =事業者情報!C7&"" -> 0566-63-6817
G19: FAX | H19: =事業者情報!C8&"" -> 0566-63-6818
B21: 下記のとおり、契約書に基づき障害福祉サービス等に要した費用を代理受領しましたので、お知らせします。
C24: 9 | D24: 月分サービス費 | E24: ￥ | F24: =H33 -> 314460 | G24: （AーB＋C）
C25: 1 | D25: 月分サービス費 | F25: 240531
D26: 支給元市区町村 | E26: 東浦町
D27: サービス種別 | E27: 就労継続支援Ｂ型
D28: 受給日 | E28: 45981
D29: 総支給額（単位） | E29: 2026年２月１日 | H29: 304460 | I29: 単位
D30: 総支給額（円） | E30: 総サービス費(A) | H30: 240531 | I30: 円
E31: 利用者負担額(B) | H31: 240531 | I31: 円
E32: 特定障害者給付費(C) | H32: 0 | I32: 円
G33: 合計 | H33: 10000 | I33: 円
H34: 240531

Sheet 長尾　夏江_2
H4: 発行日: 2026年02月24日
F6: 請求書ではありません
B7: 受給者番号 | D7: 3000004972
B8: 利用者氏名 | D8: 長尾 夏江 | E8: 様
E12: 代理受領額通知書
G15: 事業者 | H15: 株式会社 TRINITY PARTNERS
H16: HarerubaseKariya グループホーム奏
G17: 代表者 | H17: =事業者情報!C5&" "&事業者情報!C6 -> 代表取締役社長 澤田昌志
G18: 電話 | H18: =事業者情報!C7&"" -> 0566-63-6817
G19: FAX | H19: =事業者情報!C8&"" -> 0566-63-6818
B21: 下記のとおり、契約書に基づき障害福祉サービス等に要した費用を代理受領しましたので、お知らせします。
C24: 9 | D24: 月分サービス費 | E24: ￥ | F24: =H33 -> 314460 | G24: （AーB＋C）
C25: 1 | D25: 月分サービス費 | F25: 309097
D26: 支給元市区町村 | E26: 東浦町
D27: サービス種別 | E27: 就労継続支援Ｂ型
D28: 受給日 | E28: 45981
D29: 総支給額（単位） | E29: 2026年２月１日 | H29: 304460 | I29: 単位
D30: 総支給額（円） | E30: 総サービス費(A) | H30: 309097 | I30: 円
E31: 利用者負担額(B) | H31: 309097 | I31: 円
E32: 特定障害者給付費(C) | H32: 0 | I32: 円
G33: 合計 | H33: 10000 | I33: 円
H34: 309097
